,_section,Argentina,Australia,Chile,France,Italy,South Africa,Spain,USA,Still_Bottled,Still_Bulk,Sparkling,Still_2to10L,trade,vol,unit_price,avg_price,avg_rating,count,under_10,10_15,15_20,20_30,30_50,50_100,100_plus,mean,50%,std
2019,a1_market_share,3.74,8.6,8.06,35.54,26.03,2.42,10.09,5.52,,,,,,,,,,,,,,,,,,,,
2020,a1_market_share,3.68,8.48,7.99,34.5,27.36,2.31,10.5,5.17,,,,,,,,,,,,,,,,,,,,
2021,a1_market_share,3.54,5.42,7.53,37.81,27.38,2.36,10.35,5.6,,,,,,,,,,,,,,,,,,,,
2022,a1_market_share,3.64,5.16,7.71,38.1,27.27,2.31,9.74,6.06,,,,,,,,,,,,,,,,,,,,
2023,a1_market_share,3.19,5.06,6.43,39.12,28.62,2.24,10.04,5.29,,,,,,,,,,,,,,,,,,,,
2024,a1_market_share,3.12,6.77,6.59,38.12,28.64,2.21,9.55,5.01,,,,,,,,,,,,,,,,,,,,
2019,a2_unit_price,2.89,3.48,2.37,4.72,3.11,2.13,1.94,5.49,,,,,,,,,,,,,,,,,,,,
2020,a2_unit_price,2.62,3.59,2.29,4.96,3.16,2.15,1.97,5.83,,,,,,,,,,,,,,,,,,,,
2021,a2_unit_price,2.82,3.55,2.46,5.89,3.45,1.98,2.11,5.99,,,,,,,,,,,,,,,,,,,,
2022,a2_unit_price,2.89,3.5,2.42,5.75,3.41,2.22,2.1,6.32,,,,,,,,,,,,,,,,,,,,
2023,a2_unit_price,3.17,3.78,inf,6.33,3.55,2.29,2.28,6.57,,,,,,,,,,,,,,,,,,,,
2024,a2_unit_price,3.19,4.51,2.33,6.35,3.6,3.69,2.27,6.63,,,,,,,,,,,,,,,,,,,,
Canada,a3_category_structure_volume,,,,,,,,,0.57,99.11,0.13,0.19,,,,,,,,,,,,,,,,
South Africa,a3_category_structure_volume,,,,,,,,,30.05,62.4,2.13,5.42,,,,,,,,,,,,,,,,
USA,a3_category_structure_volume,,,,,,,,,47.47,47.9,1.64,2.99,,,,,,,,,,,,,,,,
New Zealand,a3_category_structure_volume,,,,,,,,,48.88,50.59,0.38,0.14,,,,,,,,,,,,,,,,
Chile,a3_category_structure_volume,,,,,,,,,54.5,42.59,0.56,2.35,,,,,,,,,,,,,,,,
Italy,a3_category_structure_volume,,,,,,,,,55.54,16.73,25.67,2.07,,,,,,,,,,,,,,,,
Japan,a3_category_structure_volume,,,,,,,,,65.67,5.7,6.67,21.95,,,,,,,,,,,,,,,,
France,a3_category_structure_volume,,,,,,,,,72.87,10.38,16.75,0.0,,,,,,,,,,,,,,,,
Portugal,a3_category_structure_volume,,,,,,,,,73.05,17.19,0.77,8.98,,,,,,,,,,,,,,,,
Spain,a3_category_structure_volume,,,,,,,,,73.98,0.0,18.02,7.99,,,,,,,,,,,,,,,,
Argentina,a3_category_structure_volume,,,,,,,,,74.37,24.05,1.54,0.04,,,,,,,,,,,,,,,,
Netherlands,a3_category_structure_volume,,,,,,,,,77.31,1.7,11.15,9.84,,,,,,,,,,,,,,,,
China,a3_category_structure_volume,,,,,,,,,84.56,1.54,5.48,8.42,,,,,,,,,,,,,,,,
Australia,a3_category_structure_volume,,,,,,,,,87.9,0.0,4.69,7.41,,,,,,,,,,,,,,,,
Macao,a3_category_structure_volume,,,,,,,,,99.27,0.0,0.4,0.33,,,,,,,,,,,,,,,,
Canada,a3_category_structure_value,,,,,,,,,24.83,71.94,2.49,0.74,,,,,,,,,,,,,,,,
France,a3_category_structure_value,,,,,,,,,60.38,1.52,36.8,1.3,,,,,,,,,,,,,,,,
Spain,a3_category_structure_value,,,,,,,,,61.92,17.88,17.27,2.93,,,,,,,,,,,,,,,,
Italy,a3_category_structure_value,,,,,,,,,65.45,3.75,29.47,1.33,,,,,,,,,,,,,,,,
New Zealand,a3_category_structure_value,,,,,,,,,68.0,31.1,0.8,0.1,,,,,,,,,,,,,,,,
South Africa,a3_category_structure_value,,,,,,,,,68.33,21.72,5.04,4.91,,,,,,,,,,,,,,,,
Netherlands,a3_category_structure_value,,,,,,,,,72.5,0.94,21.89,4.67,,,,,,,,,,,,,,,,
Australia,a3_category_structure_value,,,,,,,,,77.24,18.49,3.29,0.98,,,,,,,,,,,,,,,,
Germany,a3_category_structure_value,,,,,,,,,78.68,1.1,14.25,5.97,,,,,,,,,,,,,,,,
USA,a3_category_structure_value,,,,,,,,,80.21,14.24,3.31,2.23,,,,,,,,,,,,,,,,
Chile,a3_category_structure_value,,,,,,,,,81.54,15.37,1.04,2.05,,,,,,,,,,,,,,,,
United Kingdom,a3_category_structure_value,,,,,,,,,84.45,0.5,13.63,1.41,,,,,,,,,,,,,,,,
Japan,a3_category_structure_value,,,,,,,,,86.6,1.16,9.15,3.09,,,,,,,,,,,,,,,,
China,a3_category_structure_value,,,,,,,,,87.53,0.1,10.57,1.8,,,,,,,,,,,,,,,,
Portugal,a3_category_structure_value,,,,,,,,,89.55,4.78,1.27,4.4,,,,,,,,,,,,,,,,
Argentina,a3_category_structure_value,,,,,,,,,91.12,6.99,1.86,0.04,,,,,,,,,,,,,,,,
Hong Kong,a3_category_structure_value,,,,,,,,,93.92,0.0,6.04,0.04,,,,,,,,,,,,,,,,
Macao,a3_category_structure_value,,,,,,,,,99.06,0.0,0.92,0.01,,,,,,,,,,,,,,,,
USA,a4_import_market,,,,,,,,,,,,,7106004217.0,1226502740.311,5.794,,,,,,,,,,,,,
United Kingdom,a4_import_market,,,,,,,,,,,,,4960272611.231,166796636.0,29.738,,,,,,,,,,,,,
Germany,a4_import_market,,,,,,,,,,,,,2670214135.904,1241903881.0,2.15,,,,,,,,,,,,,
Canada,a4_import_market,,,,,,,,,,,,,2083238078.604,377628291.0,5.517,,,,,,,,,,,,,
Japan,a4_import_market,,,,,,,,,,,,,1641796072.839,89944321.0,18.253,,,,,,,,,,,,,
China,a4_import_market,,,,,,,,,,,,,1591749689.0,282753413.0,5.629,,,,,,,,,,,,,
Netherlands,a4_import_market,,,,,,,,,,,,,1563616026.821,390030737.0,4.009,,,,,,,,,,,,,
France,a4_import_market,,,,,,,,,,,,,961851737.095,423291877.904,2.272,,,,,,,,,,,,,
Hong Kong,a4_import_market,,,,,,,,,,,,,828999930.094,29224673.0,28.366,,,,,,,,,,,,,
Australia,a4_import_market,,,,,,,,,,,,,631279963.836,98160165.02,6.431,,,,,,,,,,,,,
Italy,a4_import_market,,,,,,,,,,,,,593696325.357,241677798.275,2.457,,,,,,,,,,,,,
Spain,a4_import_market,,,,,,,,,,,,,309871942.417,91230039.532,3.397,,,,,,,,,,,,,
France_Other,b1_competitive_position,,,,,,,,,,,,,,,,36.25,87.17,1258.0,,,,,,,,,,
Provence,b1_competitive_position,,,,,,,,,,,,,,,,22.09,88.16,825.0,,,,,,,,,,
USA,b1_competitive_position,,,,,,,,,,,,,,,,26.22,87.81,1629.0,,,,,,,,,,
Italy,b1_competitive_position,,,,,,,,,,,,,,,,21.68,87.2,1057.0,,,,,,,,,,
Spain,b1_competitive_position,,,,,,,,,,,,,,,,13.79,85.06,326.0,,,,,,,,,,
Portugal,b1_competitive_position,,,,,,,,,,,,,,,,12.57,84.64,240.0,,,,,,,,,,
Austria,b1_competitive_position,,,,,,,,,,,,,,,,23.98,88.9,127.0,,,,,,,,,,
Germany,b1_competitive_position,,,,,,,,,,,,,,,,26.44,89.2,25.0,,,,,,,,,,
Argentina,b1_competitive_position,,,,,,,,,,,,,,,,14.06,84.24,63.0,,,,,,,,,,
Chile,b1_competitive_position,,,,,,,,,,,,,,,,12.57,84.08,51.0,,,,,,,,,,
Portugal,b2_price_tier,,,,,,,,,,,,,,,,,,,45.42,37.08,11.25,5.42,0.83,0.0,0.0,,,
Chile,b2_price_tier,,,,,,,,,,,,,,,,,,,25.49,60.78,11.76,1.96,0.0,0.0,0.0,,,
Spain,b2_price_tier,,,,,,,,,,,,,,,,,,,31.29,45.09,13.8,7.98,1.84,0.0,0.0,,,
Argentina,b2_price_tier,,,,,,,,,,,,,,,,,,,12.7,61.9,19.05,6.35,0.0,0.0,0.0,,,
France,b2_price_tier,,,,,,,,,,,,,,,,,,,4.8,31.06,25.4,17.57,7.83,10.61,2.74,,,
Italy,b2_price_tier,,,,,,,,,,,,,,,,,,,2.65,25.17,37.37,23.18,8.14,3.5,0.0,,,
Austria,b2_price_tier,,,,,,,,,,,,,,,,,,,4.72,31.5,19.69,25.98,11.81,5.51,0.79,,,
USA,b2_price_tier,,,,,,,,,,,,,,,,,,,1.66,16.51,32.29,31.25,13.75,3.93,0.61,,,
Beaujolais,b3_france_provinces,,,,,,,,,,,,,,,,16.53,85.88,17.0,,,,,,,,,,
Burgundy,b3_france_provinces,,,,,,,,,,,,,,,,35.92,88.04,24.0,,,,,,,,,,
Southwest France,b3_france_provinces,,,,,,,,,,,,,,,,13.31,84.99,78.0,,,,,,,,,,
Alsace,b3_france_provinces,,,,,,,,,,,,,,,,23.71,88.33,100.0,,,,,,,,,,
France Other,b3_france_provinces,,,,,,,,,,,,,,,,15.49,85.84,124.0,,,,,,,,,,
Loire Valley,b3_france_provinces,,,,,,,,,,,,,,,,25.05,85.78,131.0,,,,,,,,,,
Languedoc-Roussillon,b3_france_provinces,,,,,,,,,,,,,,,,14.6,86.33,136.0,,,,,,,,,,
Rhône Valley,b3_france_provinces,,,,,,,,,,,,,,,,16.41,87.78,140.0,,,,,,,,,,
Bordeaux,b3_france_provinces,,,,,,,,,,,,,,,,20.7,86.2,200.0,,,,,,,,,,
Champagne,b3_france_provinces,,,,,,,,,,,,,,,,89.04,89.19,308.0,,,,,,,,,,
Provence,b3_france_provinces,,,,,,,,,,,,,,,,22.09,88.16,825.0,,,,,,,,,,
Argentina,b4_rating_distribution,,,,,,,,,,,,,,,,,,64.0,,,,,,,,84.27,84.0,2.23
Chile,b4_rating_distribution,,,,,,,,,,,,,,,,,,53.0,,,,,,,,84.15,84.0,1.79
Portugal,b4_rating_distribution,,,,,,,,,,,,,,,,,,284.0,,,,,,,,84.62,84.0,1.58
Spain,b4_rating_distribution,,,,,,,,,,,,,,,,,,331.0,,,,,,,,85.05,85.0,2.33
South Africa,b4_rating_distribution,,,,,,,,,,,,,,,,,,35.0,,,,,,,,86.17,86.0,1.64
France,b4_rating_distribution,,,,,,,,,,,,,,,,,,2384.0,,,,,,,,87.55,87.0,2.66
Italy,b4_rating_distribution,,,,,,,,,,,,,,,,,,1243.0,,,,,,,,87.06,87.0,2.19
Australia,b4_rating_distribution,,,,,,,,,,,,,,,,,,65.0,,,,,,,,88.25,88.0,3.94
USA,b4_rating_distribution,,,,,,,,,,,,,,,,,,1640.0,,,,,,,,87.82,88.0,2.81
Austria,b4_rating_distribution,,,,,,,,,,,,,,,,,,134.0,,,,,,,,88.9,89.0,2.75
Germany,b4_rating_distribution,,,,,,,,,,,,,,,,,,26.0,,,,,,,,89.04,90.0,2.41
