campagne,dept_code,dept_name,nb_declarants,stock_aop_blanc,stock_aop_rose,stock_aop_rouge,stock_igp_blanc,stock_igp_rose,stock_igp_rouge,stock_vsig_blanc,stock_vsig_rose,stock_vsig_rouge,stock_production_total,stock_aop_total,stock_igp_total,stock_vsig_total,stock_rose_total,stock_rouge_total,stock_blanc_total
2019-2020,01,Ain,130.0,9868.19,5917.529999999999,3168.7599999999998,483.24,157.99,138.19,2587.23,3696.73,743.2699999999999,26761.129999999997,18954.48,779.4200000000001,7027.23,9772.249999999998,4050.22,12938.66
2019-2020,02,Aisne,301.0,225295.5900000001,13692.610000000006,509.99,0.0,0.0,0.0,30.91,0.98,0.0,239530.08000000013,239498.19000000012,0.0,31.89,13693.590000000006,509.99,225326.50000000012
2019-2020,03,Allier,24.0,4102.08,2149.56,16635.93,348.03,0.0,314.76000000000005,716.48,293.42,236.21999999999997,24796.48,22887.57,662.79,1246.1200000000001,2442.98,17186.91,5166.59
2019-2020,04,Alpes-de-Haute-Provence,11.0,674.4,4091.0199999999995,4324.32,1063.8700000000001,5250.86,3627.7,123.63999999999999,917.61,1399.26,21472.679999999997,9089.739999999998,9942.43,2440.51,10259.49,9351.279999999999,1861.9099999999999
2019-2020,05,Hautes-Alpes,9.0,0.0,0.0,0.0,1325.7600000000002,1318.1499999999999,1912.28,98.65,1.0,6.07,4661.909999999999,0.0,4556.19,105.72,1319.1499999999999,1918.35,1424.4100000000003
2019-2020,06,Alpes-Maritimes,17.0,984.6999999999998,161.34999999999997,1412.26,218.90000000000003,262.82,648.99,0.0,2.73,13.05,3704.7999999999997,2558.3099999999995,1130.71,15.780000000000001,426.9,2074.3,1203.6
2019-2020,07,Ardèche,238.0,7218.170000000001,4746.5,74725.71,37721.79,54998.33,131124.62,9723.380000000001,1054.77,11068.510000000004,332381.78,86690.38,223844.74,21846.660000000003,60799.6,216918.84000000003,54663.34
2019-2020,09,Ariège,2.0,0.0,0.0,0.0,50.39,99.99,1095.2,0.0,0.0,0.0,1245.58,0.0,1245.58,0.0,99.99,1095.2,50.39
2019-2020,10,Aube,698.0,505782.0899999995,23747.419999999987,2017.27,0.0,0.0,0.0,0.0,0.0,0.0,531546.7799999996,531546.7799999996,0.0,0.0,23747.419999999987,2017.27,505782.0899999995
2019-2020,11,Aude,734.0,129388.83999999998,63809.20999999999,656336.7000000002,229968.8700000001,182768.74999999997,991716.3899999998,28548.120000000017,14944.330000000004,168578.23000000004,2466059.44,849534.7500000002,1404454.0099999998,212070.68000000005,261522.28999999998,1816631.3199999998,387905.8300000001
2019-2020,12,Aveyron,66.0,340.02,1002.39,14657.699999999999,233.61,280.54999999999995,1526.1099999999997,105.66,142.86,219.20999999999998,18508.109999999997,16000.109999999999,2040.2699999999995,467.73,1425.8000000000002,16403.019999999997,679.29
2019-2020,13,Bouches-du-Rhône,158.0,11772.899999999998,79864.59,55169.770000000004,6580.8,52007.259999999995,36824.68,1121.7900000000002,1731.33,3194.4400000000005,248267.56,146807.26,95412.73999999999,6047.56,133603.17999999996,95188.89000000001,19475.489999999998
2019-2020,14,Calvados,1.0,0.0,0.0,0.0,456.28,0.0,247.9,7.78,0.0,0.0,711.9599999999999,0.0,704.18,7.78,0.0,247.9,464.05999999999995
2019-2020,15,Cantal,5.0,15.0,4.8,73.8,65.54,0.0,66.05,17.0,6.12,42.15,290.46,93.6,131.59,65.27,10.92,182.0,97.54
2019-2020,16,Charente,1209.0,46046.389999999985,3961.7000000000003,16657.210000000003,3946.38,3430.1200000000003,10216.609999999999,2334.97,1300.01,2453.0299999999997,90346.42,66665.29999999999,17593.11,6088.009999999999,8691.83,29326.85,52327.73999999998
2019-2020,17,Charente-Maritime,1343.0,152700.9,16421.34,14018.32,8970.48,8462.779999999999,15418.120000000003,2328.35,2712.2799999999997,6445.890000000001,227478.45999999993,183140.56,32851.380000000005,11486.52,27596.399999999998,35882.33,163999.73
2019-2020,18,Cher,308.0,130667.25000000001,7336.660000000003,40768.74999999999,951.7199999999999,97.13,616.54,436.6200000000001,211.96999999999997,409.72,181496.36000000002,178772.66,1665.3899999999999,1058.3100000000002,7645.760000000003,41795.009999999995,132055.59
2019-2020,19,Corrèze,24.0,681.46,0.0,415.84000000000003,756.7800000000001,128.2,1491.26,3.56,16.509999999999998,124.69,3618.3000000000006,1097.3000000000002,2376.24,144.76,144.70999999999998,2031.79,1441.8000000000002
2019-2020,21,Côte-d'Or,986.0,147240.60000000006,3576.25,336940.14000000036,780.3299999999999,29.759999999999998,465.24,1688.6799999999998,296.11,1012.7800000000001,492029.8900000005,487756.99000000046,1275.33,2997.57,3902.1200000000003,338418.1600000004,149709.61000000004
2019-2020,23,Creuse,0.0,0.0,0.0,0.0,0.0,0.0,0.0,0.0,0.0,0.0,0.0,0.0,0.0,0.0,0.0,0.0,0.0
2019-2020,24,Dordogne,436.0,168671.12999999995,20733.910000000003,248850.75,3751.969999999999,3165.7500000000005,9617.730000000003,5923.28,1803.2999999999997,7216.629999999999,469734.4499999999,438255.7899999999,16535.450000000004,14943.21,25702.960000000003,265685.11,178346.37999999995
2019-2020,25,Doubs,6.0,0.0,0.0,0.0,258.15,0.0,5.0,114.16,7.0,5.76,390.06999999999994,0.0,263.15,126.92,7.0,10.76,372.30999999999995
2019-2020,26,Drôme,258.0,131739.43999999994,17727.880000000005,371972.8999999999,8815.74,18488.2,42178.74999999999,1336.7099999999998,1429.8600000000001,10467.14,604156.6199999999,521440.21999999986,69482.69,13233.71,37645.94,424618.7899999999,141891.88999999993
2019-2020,30,Gard,611.0,34871.329999999994,65375.719999999994,514390.5199999999,124867.07999999997,191561.61,393013.5300000001,18851.75,39309.100000000006,79534.11000000004,1461774.7500000002,614637.5699999998,709442.22,137694.96000000005,296246.43,986938.1600000001,178590.15999999997
2019-2020,31,Haute-Garonne,38.0,139.05,5584.17,40056.35,421.35999999999996,1671.5900000000001,6491.34,288.46,1594.5899999999997,1953.1400000000003,58200.05,45779.57,8584.29,3836.19,8850.35,48500.83,848.8699999999999
2019-2020,32,Gers,269.0,35811.850000000006,7035.8,141898.24999999997,198873.84999999998,30901.229999999996,53031.37999999998,55032.09999999999,4763.76,8652.1,536000.3199999998,184745.89999999997,282806.45999999996,68447.95999999999,42700.79,203581.72999999995,289717.8
2019-2020,33,Gironde,4054.0,533048.6799999999,132294.33999999994,7951173.630000002,14426.36,5035.67,21216.32,20493.060000000005,18394.99999999998,56867.270000000026,8752950.330000004,8616516.650000002,40678.35,95755.33000000002,155725.00999999992,8029257.2200000025,567968.1
2019-2020,34,Hérault,1137.0,89479.79999999999,55190.720000000016,411882.96,268512.5499999998,273246.09,752322.5600000008,68491.59,31510.01,153839.51999999993,2104475.8000000003,556553.48,1294081.2000000007,253841.11999999994,359946.82000000007,1318045.0400000007,426483.9399999998
2019-2020,36,Indre,35.0,6100.1,1134.9099999999999,3582.1099999999997,776.88,37.32,420.82000000000005,1048.5600000000002,830.9,1350.31,15281.909999999996,10817.119999999999,1235.02,3229.77,2003.1299999999997,5353.24,7925.540000000001
2019-2020,37,Indre-et-Loire,649.0,206285.70999999996,23020.27,215407.12999999998,1536.93,590.84,2158.12,12877.52,11663.689999999999,7944.759999999999,481484.97,444713.1099999999,4285.889999999999,32485.969999999998,35274.8,225510.00999999998,220700.15999999995
2019-2020,38,Isère,65.0,3033.05,91.78,757.95,1204.94,150.09,1257.7799999999997,1655.0500000000002,278.97999999999996,379.26,8808.88,3882.7800000000007,2612.8099999999995,2313.29,520.8499999999999,2394.99,5893.04
2019-2020,39,Jura,245.0,134975.90999999997,3947.4100000000008,32963.920000000006,637.3199999999999,0.0,69.67,2196.1400000000003,78.06,1169.08,176037.50999999998,171887.24,706.9899999999999,3443.28,4025.4700000000007,34202.670000000006,137809.37
2019-2020,40,Landes,59.0,2337.1,3573.26,15871.97,7235.779999999999,4266.14,4452.810000000001,270.73,71.15,321.56999999999994,38400.51,21782.33,15954.73,663.4499999999999,7910.55,20646.35,9843.609999999999
2019-2020,41,Loir-et-Cher,312.0,94733.13,12998.87,42704.770000000004,4333.21,1654.7400000000002,4040.64,10294.320000000002,4703.06,6930.110000000002,182392.85000000003,150436.77000000002,10028.59,21927.490000000005,19356.670000000002,53675.520000000004,109360.66000000002
2019-2020,42,Loire,87.0,1729.77,484.65000000000003,10195.439999999999,1474.12,367.4800000000001,1668.24,658.3700000000001,713.62,910.95,18202.64,12409.859999999999,3509.84,2282.9400000000005,1565.75,12774.63,3862.26
2019-2020,43,Haute-Loire,4.0,0.0,0.0,0.0,0.0,0.0,0.0,2.25,0.97,6.75,9.969999999999999,0.0,0.0,9.969999999999999,0.97,6.75,2.25
2019-2020,44,Loire-Atlantique,470.0,218355.97999999998,272.89,1047.0500000000002,29514.47,12805.119999999999,12929.4,38366.13999999999,21171.350000000002,10793.35,345255.74999999994,219675.91999999998,55248.99,70330.84,34249.36,24769.800000000003,286236.58999999997
2019-2020,45,Loiret,11.0,1466.71,130.48,2355.35,80.31,0.0,28.74,133.51,40.400000000000006,280.8,4516.299999999999,3952.54,109.05,454.71000000000004,170.88,2664.89,1680.53
2019-2020,46,Lot,231.0,0.0,612.1899999999999,223610.33999999997,3808.620000000001,6876.989999999999,28197.389999999996,424.83,1415.08,8130.189999999999,273075.63,224222.52999999997,38883.0,9970.099999999999,8904.259999999998,259937.91999999995,4233.450000000001
2019-2020,47,Lot-et-Garonne,159.0,8434.039999999999,20763.450000000004,214576.61,6998.120000000001,3080.3199999999997,11914.529999999999,7717.4400000000005,3236.7900000000004,5805.909999999999,282527.21,243774.09999999998,21992.97,16760.14,27080.560000000005,232297.05,23149.6
2019-2020,48,Lozère,3.0,0.0,0.0,0.0,67.32,8.32,165.15,2.57,0.0,10.010000000000002,253.37,0.0,240.79,12.580000000000002,8.32,175.16,69.88999999999999
2019-2020,49,Maine-et-Loire,728.0,185339.57000000004,115492.82,203242.62,19209.71,5204.389999999999,9828.740000000002,22025.14,11155.340000000004,13963.289999999997,585461.6199999999,504075.01,34242.84,47143.770000000004,131852.55000000002,227034.65,226574.42000000004
2019-2020,51,Marne,3977.0,3611414.5800000024,162460.15999999948,9651.929999999998,0.0,0.0,0.0,0.0,0.0,0.0,3783526.6700000023,3783526.6700000023,0.0,0.0,162460.15999999948,9651.929999999998,3611414.5800000024
2019-2020,52,Haute-Marne,15.0,3624.46,166.76,0.0,924.3,163.42,1924.69,1067.4299999999998,167.93,13.32,8052.3099999999995,3791.2200000000003,3012.41,1248.6799999999998,498.10999999999996,1938.01,5616.1900000000005
2019-2020,53,Mayenne,1.0,0.0,0.0,0.0,0.0,0.0,0.0,206.88,103.12,0.0,310.0,0.0,0.0,310.0,103.12,0.0,206.88
2019-2020,54,Meurthe-et-Moselle,17.0,299.75,767.4300000000001,338.09000000000003,0.0,0.0,0.0,1313.6599999999999,524.3699999999999,311.54,3554.8399999999997,1405.27,0.0,2149.5699999999997,1291.8,649.6300000000001,1613.4099999999999
2019-2020,55,Meuse,6.0,0.0,0.0,0.0,127.95,19.54,82.03,269.25,72.64,26.5,597.91,0.0,229.52,368.39,92.18,108.53,397.2
2019-2020,57,Moselle,17.0,1317.43,100.98,934.4300000000001,0.0,0.0,0.0,1612.85,194.45,169.23,4329.37,2352.84,0.0,1976.53,295.43,1103.66,2930.2799999999997
2019-2020,58,Nièvre,115.0,54058.69000000001,368.51000000000005,3706.8599999999997,3943.14,118.7,1729.7500000000002,1825.79,76.04,180.71,66008.19000000002,58134.06000000001,5791.59,2082.54,563.25,5617.32,59827.62000000001
2019-2020,59,Nord,1.0,0.0,0.0,0.0,0.0,0.0,0.0,26.95,26.08,18.03,71.06,0.0,0.0,71.06,26.08,18.03,26.95
2019-2020,62,Pas-de-Calais,1.0,0.0,0.0,0.0,0.0,0.0,0.0,12.22,0.0,0.0,12.22,0.0,0.0,12.22,0.0,0.0,12.22
2019-2020,63,Puy-de-Dôme,59.0,249.10999999999999,280.95,2249.0000000000005,53.0,21.919999999999998,545.91,247.56999999999996,189.47000000000006,632.7899999999998,4469.72,2779.0600000000004,620.8299999999999,1069.83,492.34000000000003,3427.7000000000003,549.68
2019-2020,64,Pyrénées-Atlantiques,115.0,85348.17000000001,3170.41,101043.31,1498.7599999999998,108.94999999999999,1269.1999999999998,1285.48,373.07,2133.99,196231.34000000005,189561.89,2876.91,3792.54,3652.43,104446.5,88132.41
2019-2020,65,Hautes-Pyrénées,12.0,493.27,0.0,10112.31,41.41,26.58,447.99,5.53,10.11,87.85000000000001,11225.050000000001,10605.58,515.98,103.49000000000001,36.69,10648.15,540.2099999999999
2019-2020,66,Pyrénées-Orientales,477.0,159098.86999999997,126690.20000000001,359534.65,37770.99,28285.15000000001,89141.87,5759.510000000001,4012.1299999999997,13425.78,823719.1499999999,645323.72,155198.01,23197.420000000002,158987.48000000004,462102.30000000005,202629.36999999997
2019-2020,67,Bas-Rhin,313.0,213131.3999999999,27376.09999999999,6153.199999999999,0.0,0.0,0.0,12.0,0.0,0.0,246672.6999999999,246660.6999999999,0.0,12.0,27376.09999999999,6153.199999999999,213143.3999999999
2019-2020,68,Haut-Rhin,395.0,492779.6200000003,46695.95999999999,11009.899999999996,0.0,0.0,0.0,0.0,0.0,0.0,550485.4800000003,550485.4800000003,0.0,0.0,46695.95999999999,11009.899999999996,492779.6200000003
2019-2020,69,Rhône,1180.0,34522.26,7280.170000000001,314999.78000000026,1630.0900000000001,703.93,3093.0200000000004,3824.48,2593.5099999999998,7240.22,375887.46000000037,356802.21000000025,5427.040000000001,13658.21,10577.61,325333.02000000025,39976.83000000001
2019-2020,70,Haute-Saône,9.0,0.0,0.0,0.0,1982.6100000000001,78.33999999999999,2419.52,925.59,8.36,540.06,5954.480000000001,0.0,4480.47,1474.01,86.69999999999999,2959.58,2908.2000000000003
2019-2020,71,Saône-et-Loire,733.0,315336.61000000004,4699.049999999999,145972.09999999986,223.43,49.67,381.37,4699.119999999999,814.2000000000002,1347.2100000000005,473522.7599999999,466007.7599999999,654.47,6860.529999999999,5562.919999999999,147700.67999999985,320259.16000000003
2019-2020,72,Sarthe,44.0,4050.1999999999994,282.99,1392.79,587.19,86.97999999999999,326.91,1317.5999999999997,303.8,841.4800000000001,9189.939999999999,5725.98,1001.0800000000002,2462.8799999999997,673.77,2561.1800000000003,5954.989999999999
2019-2020,73,Savoie,177.0,40086.51,3297.36,23484.81,2010.91,121.76999999999998,749.9599999999999,2317.8099999999995,512.22,545.08,73126.43000000001,66868.68000000001,2882.6400000000003,3375.1099999999997,3931.3500000000004,24779.850000000002,44415.23
2019-2020,74,Haute-Savoie,37.0,6263.62,84.22999999999999,945.0399999999998,476.18,8.54,73.46,164.42000000000002,52.39,9.709999999999999,8077.59,7292.889999999999,558.1800000000001,226.52,145.15999999999997,1028.2099999999998,6904.22
2019-2020,76,Seine-Maritime,2.0,0.0,0.0,0.0,0.0,0.0,0.0,14.15,0.0,0.0,14.15,0.0,0.0,14.15,0.0,0.0,14.15
2019-2020,77,Seine-et-Marne,2.0,20.36,3.32,0.0,0.0,0.0,0.0,0.0,0.0,0.0,23.68,23.68,0.0,0.0,3.32,0.0,20.36
2019-2020,79,Deux-Sèvres,35.0,1498.66,2301.67,2762.2300000000005,362.32,61.5,363.49,658.57,213.66,261.03000000000003,8483.130000000001,6562.56,787.31,1133.26,2576.83,3386.7500000000005,2519.55
2019-2020,80,Somme,1.0,0.0,0.0,0.0,0.0,0.0,0.0,6.84,0.0,0.0,6.84,0.0,0.0,6.84,0.0,0.0,6.84
2019-2020,81,Tarn,183.0,38367.17,12746.269999999999,145042.81999999998,5735.98,6760.1,42645.72,7837.8099999999995,9275.81,33735.83,302147.50999999995,196156.25999999998,55141.8,50849.45,28782.18,221424.37,51940.95999999999
2019-2020,82,Tarn-et-Garonne,48.0,0.0,2727.84,30027.420000000002,1916.4599999999998,1774.88,7616.259999999998,293.2000000000001,3131.4899999999993,6141.899999999999,53629.45,32755.260000000002,11307.599999999999,9566.589999999998,7634.209999999999,43785.58,2209.66
2019-2020,83,Var,542.0,19690.83,290320.97999999986,132891.83,9995.16,93053.1,36526.530000000006,1169.6499999999999,4591.1900000000005,3320.709999999999,591559.98,442903.6399999999,139574.79,9081.55,387965.26999999984,172739.06999999998,30855.640000000003
2019-2020,84,Vaucluse,895.0,70653.58,103208.10999999999,1137748.69,31041.689999999988,137290.08,114701.90000000001,4715.219999999999,6185.58,28515.070000000014,1634059.92,1311610.38,283033.67,39415.87000000001,246683.76999999996,1280965.66,106410.48999999999
2019-2020,85,Vendée,36.0,4193.98,2426.88,4098.6,1652.0100000000002,2374.0800000000004,4008.2200000000003,2140.02,1273.21,994.8999999999999,23161.9,10719.46,8034.310000000001,4408.13,6074.170000000001,9101.720000000001,7986.01
2019-2020,86,Vienne,49.0,2306.9799999999996,846.19,2153.06,562.48,592.3699999999999,845.7099999999998,1062.99,574.51,1014.8499999999999,9959.140000000001,5306.23,2000.5599999999997,2652.35,2013.07,4013.6199999999994,3932.45
2019-2020,87,Haute-Vienne,1.0,0.0,0.0,0.0,0.89,49.08,14.21,0.0,0.0,0.0,64.18,0.0,64.18,0.0,49.08,14.21,0.89
2019-2020,88,Vosges,3.0,0.0,0.0,0.0,0.0,0.0,0.0,0.0,0.0,90.53,90.53,0.0,0.0,90.53,0.0,90.53,0.0
2019-2020,89,Yonne,427.0,301115.7299999998,2035.6000000000001,35756.59999999999,232.23000000000002,81.52000000000001,174.49,472.8999999999999,107.94999999999999,445.06,340422.0799999998,338907.92999999976,488.24,1025.9099999999999,2225.07,36376.14999999999,301820.8599999998
2019-2020,92,Hauts-de-Seine,1.0,0.0,0.0,0.0,0.0,0.0,0.0,0.0,0.0,0.0,0.0,0.0,0.0,0.0,0.0,0.0,0.0
2019-2020,93,Seine-Saintt-Denis,1.0,0.0,0.0,0.0,0.0,0.0,0.0,4.7,0.0,0.7,5.4,0.0,0.0,5.4,0.0,0.7,4.7
2020-2021,01,Ain,126.0,10645.77,7120.15,3791.37,550.39,152.3,173.58999999999997,2639.1,3860.26,942.75,29875.67999999999,21557.289999999997,876.28,7442.110000000001,11132.71,4907.71,13835.26
2020-2021,02,Aisne,296.0,216549.49,12758.14,523.32,0.0,0.0,0.0,983.81,144.48,0.0,230959.24000000002,229830.95,0.0,1128.29,12902.619999999999,523.32,217533.3
2020-2021,03,Allier,25.0,4845.14,2116.87,18543.15,437.23,40.08,330.47,816.52,266.37,326.8,27722.630000000005,25505.160000000003,807.78,1409.6899999999998,2423.3199999999997,19200.420000000002,6098.890000000001
2020-2021,04,Alpes-de-Haute-Provence,11.0,673.91,4040.9,4695.17,1848.99,6840.97,4716.610000000001,180.92000000000002,1221.3500000000001,990.2099999999999,25209.030000000006,9409.98,13406.570000000002,2392.48,12103.220000000001,10401.99,2703.82
2020-2021,05,Hautes-Alpes,12.0,0.0,0.0,0.0,1866.99,1260.43,2221.35,71.11,10.39,1.29,5431.56,0.0,5348.77,82.79,1270.8200000000002,2222.64,1938.1
2020-2021,06,Alpes-Maritimes,17.0,1134.01,141.38,1583.7,170.69,276.27,323.39,1.52,0.0,9.63,3640.59,2859.09,770.3499999999999,11.15,417.65,1916.7200000000003,1306.22
2020-2021,07,Ardèche,248.0,6989.26,3224.1,80644.68,43628.850000000006,83007.68,139634.97,6438.39,1845.25,9826.36,375239.54,90858.04,266271.5,18110.0,88077.03,230106.01,57056.50000000001
2020-2021,09,Ariège,2.0,0.0,0.0,0.0,36.2,112.7,1186.49,0.0,0.0,0.0,1335.39,0.0,1335.39,0.0,112.7,1186.49,36.2
2020-2021,10,Aube,672.0,499722.42,22488.04,2050.24,0.0,0.0,0.0,0.0,0.0,0.0,524260.69999999995,524260.69999999995,0.0,0.0,22488.04,2050.24,499722.42
2020-2021,11,Aude,737.0,123784.32,58932.43,603652.83,273221.07,289434.61000000004,1059977.51,30748.38,37402.62,173833.46,2650987.2300000004,786369.58,1622633.19,241984.46,385769.66000000003,1837463.7999999998,427753.77
2020-2021,12,Aveyron,60.0,390.03,1234.67,16823.53,294.28,270.65,2302.65,75.48,104.14,410.59,21906.02,18448.23,2867.58,590.21,1609.4600000000003,19536.77,759.79
2020-2021,13,Bouches-du-Rhône,161.0,12980.84,97168.22,54180.17,8955.57,79633.87000000001,35696.67,1738.1399999999999,3053.96,3817.35,297224.79,164329.22999999998,124286.11,8609.45,179856.05000000002,93694.19,23674.55
2020-2021,14,Calvados,1.0,0.0,0.0,0.0,485.23,0.0,260.69,7.13,0.0,0.0,753.0500000000001,0.0,745.9200000000001,7.13,0.0,260.69,492.36
2020-2021,15,Cantal,6.0,22.6,17.2,73.2,64.96,0.0,112.09,11.48,1.49,20.45,323.46999999999997,113.0,177.05,33.42,18.689999999999998,205.74,99.04
2020-2021,16,Charente,1072.0,40495.89,3052.11,16320.21,4387.77,4394.19,12507.26,2667.58,617.89,2434.74,86877.64,59868.21,21289.22,5720.209999999999,8064.19,31262.21,47551.240000000005
2020-2021,17,Charente-Maritime,1177.0,142581.23,13331.32,12156.68,6982.09,7437.4,16018.689999999999,2476.35,4841.59,6069.38,211894.73,168069.23,30438.18,13387.32,25610.31,34244.75,152039.67
2020-2021,18,Cher,292.0,112315.81,4517.03,37576.78,3036.8100000000004,125.35,1218.9799999999998,422.02,235.02,409.4,159857.19999999998,154409.62,4381.14,1066.44,4877.400000000001,39205.16,115774.64
2020-2021,19,Corrèze,23.0,808.29,0.0,751.78,813.58,79.14,1682.59,32.97,26.68,122.27,4317.300000000001,1560.07,2575.31,181.92,105.82,2556.64,1654.84
2020-2021,21,Côte-d'Or,938.0,152242.16,2731.79,302906.21,900.3,39.74,392.75,1738.33,261.22,952.27,462164.77,457880.16000000003,1332.79,2951.8199999999997,3032.75,304251.23000000004,154880.78999999998
2020-2021,23,Creuse,1.0,0.0,0.0,0.0,0.0,0.0,0.0,58.9,0.0,27.3,86.2,0.0,0.0,86.2,0.0,27.3,58.9
2020-2021,24,Dordogne,429.0,152079.79,28487.17,244010.34,4438.17,5556.63,10454.07,5055.37,2013.26,7342.900000000001,459437.70000000007,424577.30000000005,20448.87,14411.53,36057.06,261807.31,161573.33000000002
2020-2021,25,Doubs,7.0,0.0,0.0,0.0,297.77,0.0,5.85,143.4,0.0,20.97,467.98999999999995,0.0,303.62,164.37,0.0,26.82,441.16999999999996
2020-2021,26,Drôme,209.0,127465.58,19826.07,379943.81,8359.66,24118.37,50173.200000000004,1804.92,2406.79,9226.17,623324.57,527235.46,82651.23000000001,13437.880000000001,46351.23,439343.18,137630.16
2020-2021,28,Eure et Loir,1.0,0.0,0.0,0.0,0.0,0.0,0.0,0.29,0.0,1.18,1.47,0.0,0.0,1.47,0.0,1.18,0.29
2020-2021,30,Gard,614.0,29897.48,53103.32,483268.43,131175.34,322791.63,444133.30000000005,25904.219999999998,63728.31,69563.5,1623565.53,566269.23,898100.27,159196.03,439623.26,996965.23,186977.04
2020-2021,31,Haute-Garonne,40.0,74.43,11874.51,38834.67,414.95,3094.53,12745.39,426.71999999999997,7852.7,4673.28,79991.18,50783.61,16254.869999999999,12952.7,22821.74,56253.34,916.0999999999999
2020-2021,32,Gers,264.0,36578.39,9267.15,139348.28,205197.44,35602.64,53204.51,39864.24,9419.91,11726.58,540209.14,185193.82,294004.59,61010.729999999996,54289.7,204279.37,281640.07
2020-2021,33,Gironde,4043.0,500011.48,140221.41,8011278.61,17553.21,8901.09,34432.79,19224.850000000002,27757.39,90192.14,8849572.969999997,8651511.5,60887.09,137174.38,176879.89,8135903.54,536789.54
2020-2021,34,Hérault,1192.0,91930.01,52649.28,426895.79,339237.93,431242.35,781520.2200000001,65881.89,42754.06,148592.71000000002,2380704.2399999998,571475.08,1552000.5,257228.66000000003,526645.69,1357008.72,497049.83
2020-2021,36,Indre,34.0,6770.03,1097.38,3429.55,992.52,2.88,618.13,1228.74,783.03,1160.25,16082.51,11296.96,1613.53,3172.02,1883.2900000000002,5207.93,8991.289999999999
2020-2021,37,Indre-et-Loire,640.0,205365.66,25636.16,229378.41,1447.42,977.4399999999999,3040.98,19603.769999999997,12146.970000000001,9885.119999999999,507481.9300000001,460380.23,5465.84,41635.86,38760.57,242304.51,226416.85
2020-2021,38,Isère,66.0,4192.51,137.92,676.27,1463.27,176.45,1168.44,1873.48,221.77,375.87,10285.980000000001,5006.700000000001,2808.16,2471.12,536.14,2220.58,7529.26
2020-2021,39,Jura,249.0,152255.04,4866.56,33042.4,414.26,0.0,50.26,2528.5699999999997,80.17,1307.4,194544.66000000003,190164.0,464.52,3916.14,4946.7300000000005,34400.060000000005,155197.87000000002
2020-2021,40,Landes,47.0,2450.85,3881.72,15834.79,5758.03,3015.77,4426.25,174.61,58.42,237.64,35838.08,22167.36,13200.05,470.67,6955.91,20498.68,8383.49
2020-2021,41,Loir-et-Cher,304.0,84265.79,15262.96,40202.72,6924.99,1831.84,5502.46,10919.53,5596.88,7884.43,178391.59999999998,139731.47,14259.29,24400.84,22691.68,53589.61,102110.31
2020-2021,42,Loire,80.0,1712.22,524.43,8953.34,1692.8600000000001,386.9,1605.6399999999999,632.26,397.84,909.12,16814.61,11189.99,3685.4,1939.2199999999998,1309.1699999999998,11468.1,4037.34
2020-2021,43,Haute-Loire,3.0,0.0,0.0,0.0,0.0,0.0,0.0,0.7,1.25,3.95,5.9,0.0,0.0,5.9,1.25,3.95,0.7
2020-2021,44,Loire-Atlantique,453.0,272175.59,344.81,910.92,37645.94,15915.55,14565.84,51206.04,26276.13,12881.49,431922.31,273431.32,68127.33,90363.66,42536.49,28358.25,361027.57
2020-2021,45,Loiret,9.0,1709.84,226.97,2223.8,100.47,0.0,78.9,265.49,55.99,381.71,5043.17,4160.610000000001,179.37,703.19,282.96,2684.4100000000003,2075.8
2020-2021,46,Lot,234.0,0.0,582.37,246757.42,3882.3,8884.93,55177.6,651.8800000000001,1888.42,14828.56,332653.48000000004,247339.79,67944.83,17368.86,11355.720000000001,316763.58,4534.18
2020-2021,47,Lot-et-Garonne,147.0,8854.72,27288.62,224319.83,10216.18,3052.52,12091.439999999999,4929.08,2070.4,7267.429999999999,300090.2199999999,260463.16999999998,25360.14,14266.91,32411.54,243678.69999999998,23999.980000000003
2020-2021,48,Lozère,3.0,0.0,0.0,0.0,64.03,12.45,168.58,18.48,0.0,18.16,281.70000000000005,0.0,245.06,36.64,12.45,186.74,82.51
2020-2021,49,Maine-et-Loire,724.0,201358.68,156927.2,212607.42,20632.37,6770.67,12411.9,23208.07,12755.49,16792.7,663464.5,570893.3,39814.94,52756.259999999995,176453.36000000002,241812.02000000002,245199.12
2020-2021,51,Marne,3756.0,2664108.71,150726.65,9315.96,0.0,0.0,0.0,0.0,0.0,0.0,2824151.32,2824151.32,0.0,0.0,150726.65,9315.96,2664108.71
2020-2021,52,Haute-Marne,15.0,3480.56,137.31,0.0,1050.63,96.03,1938.23,1077.69,165.37,36.32,7982.1399999999985,3617.87,3084.8900000000003,1279.3799999999999,398.71000000000004,1974.55,5608.880000000001
2020-2021,53,Mayenne,1.0,0.0,0.0,0.0,0.0,0.0,0.0,221.24,114.11,0.0,335.35,0.0,0.0,335.35,114.11,0.0,221.24
2020-2021,54,Meurthe-et-Moselle,19.0,310.65,516.03,310.65,0.0,0.0,0.0,945.48,858.56,330.35,3271.7200000000003,1137.33,0.0,2134.39,1374.59,641.0,1256.13
2020-2021,55,Meuse,6.0,0.0,0.0,0.0,261.99,67.77,96.19,176.67,73.36,30.25,706.23,0.0,425.95,280.28,141.13,126.44,438.65999999999997
2020-2021,57,Moselle,21.0,1442.87,66.61,983.06,0.0,0.0,0.0,1701.7900000000002,150.85,174.88,4520.06,2492.54,0.0,2027.52,217.45999999999998,1157.94,3144.66
2020-2021,58,Nièvre,107.0,49791.82,299.02,3383.3,1828.27,90.16000000000001,732.38,648.39,97.33,610.79,57481.460000000014,53474.14,2650.81,1356.51,486.51,4726.47,52268.479999999996
2020-2021,59,Nord,1.0,0.0,0.0,0.0,0.0,0.0,0.0,37.63,30.12,16.22,83.97,0.0,0.0,83.97,30.12,16.22,37.63
2020-2021,62,Pas-de-Calais,1.0,0.0,0.0,0.0,0.0,0.0,0.0,5.2,0.0,0.0,5.2,0.0,0.0,5.2,0.0,0.0,5.2
2020-2021,63,Puy-de-Dôme,55.0,257.88,404.84,2084.88,48.74,20.32,683.43,303.15999999999997,178.46,795.2,4776.91,2747.6000000000004,752.49,1276.8200000000002,603.62,3563.51,609.78
2020-2021,64,Pyrénées-Atlantiques,102.0,86653.86,2882.3,96291.95,325.22999999999996,219.8,41.53,1272.0800000000002,285.16999999999996,1828.61,189800.52999999994,185828.11,586.56,3385.8599999999997,3387.2700000000004,98162.09,88251.17
2020-2021,65,Hautes-Pyrénées,13.0,516.69,0.0,8833.3,105.81,22.53,219.07,1.5,9.05,94.97,9802.919999999998,9349.99,347.40999999999997,105.52,31.580000000000002,9147.339999999998,624.0
2020-2021,66,Pyrénées-Orientales,454.0,132925.89,97808.8,333370.07,29242.19,28873.620000000003,83762.89,5296.67,5846.58,13283.490000000002,730410.2000000002,564104.76,141878.7,24426.74,132529.0,430416.45,167464.75000000003
2020-2021,67,Bas-Rhin,311.0,207116.84,24621.71,5763.67,0.0,0.0,0.0,2603.09,15.07,6.05,240126.43,237502.22,0.0,2624.2100000000005,24636.78,5769.72,209719.93
2020-2021,68,Haut-Rhin,395.0,496873.06,44214.91,11409.87,0.0,0.0,0.0,4141.37,18.61,0.0,556657.82,552497.84,0.0,4159.98,44233.520000000004,11409.87,501014.43
2020-2021,69,Rhône,1155.0,36567.42,7576.67,281467.06,1814.33,583.4399999999999,3334.52,3570.2,2928.44,8123.21,345965.29,325611.15,5732.29,14621.849999999999,11088.55,292924.79000000004,41951.95
2020-2021,70,Haute-Saône,8.0,0.0,0.0,0.0,2246.81,135.95,2522.8799999999997,1174.18,7.21,580.56,6667.59,0.0,4905.639999999999,1761.95,143.16,3103.4399999999996,3420.99
2020-2021,71,Saône-et-Loire,740.0,333918.37,6249.52,145274.88,450.26,53.17,447.81,5073.58,893.6,1438.9,493800.0900000001,485442.77,951.24,7406.08,7196.290000000001,147161.59,339442.21
2020-2021,72,Sarthe,40.0,4889.09,222.07,1271.84,598.5,83.87,288.41,1239.77,332.0,956.07,9881.619999999999,6383.0,970.78,2527.84,637.94,2516.32,6727.360000000001
2020-2021,73,Savoie,151.0,48852.68,3613.27,27767.59,2373.09,149.03,774.83,2857.59,429.36,719.4399999999999,87536.88000000002,80233.54,3296.9500000000003,4006.3900000000003,4191.66,29261.86,54083.36
2020-2021,74,Haute-Savoie,40.0,6524.36,232.69,1163.03,610.78,6.38,101.56,283.54,104.0,45.27,9071.609999999999,7920.079999999999,718.72,432.81,343.07,1309.86,7418.679999999999
2020-2021,75,Paris,1.0,0.0,0.0,0.0,0.0,0.0,0.0,11.64,1.84,0.0,13.48,0.0,0.0,13.48,1.84,0.0,11.64
2020-2021,76,Seine-Maritime,3.0,0.0,0.0,0.0,0.0,0.0,0.0,31.06,0.0,0.0,31.06,0.0,0.0,31.06,0.0,0.0,31.06
2020-2021,77,Seine-et-Marne,3.0,771.59,39.21,0.0,0.0,0.0,0.0,0.26,0.0,0.0,811.0600000000001,810.8000000000001,0.0,0.26,39.21,0.0,771.85
2020-2021,79,Deux-Sèvres,33.0,1779.53,3034.58,2500.7,329.87,219.5,413.7,750.64,343.64,320.06,9692.219999999998,7314.8099999999995,963.0699999999999,1414.34,3597.72,3234.4599999999996,2860.04
2020-2021,80,Somme,1.0,0.0,0.0,0.0,0.0,0.0,0.0,44.86,0.0,0.0,44.86,0.0,0.0,44.86,0.0,0.0,44.86
2020-2021,81,Tarn,187.0,31030.1,12801.24,134666.29,11600.23,8972.93,64236.450000000004,5976.16,7108.6900000000005,33517.0,309909.08999999997,178497.63,84809.61,46601.85,28882.86,232419.74000000002,48606.490000000005
2020-2021,82,Tarn-et-Garonne,50.0,0.0,3144.2,30996.99,3299.93,2885.33,11708.67,434.94,3030.2,7827.05,63327.31000000001,34141.19,17893.93,11292.19,9059.73,50532.71000000001,3734.87
2020-2021,83,Var,545.0,17709.55,310841.79,125149.99,8993.81,109947.26,33874.39,1003.56,6585.93,3737.52,617843.8,453701.32999999996,152815.46,11327.01,427374.98,162761.9,27706.920000000002
2020-2021,84,Vaucluse,882.0,68132.05,121241.01,1198580.04,34456.36,226027.58000000002,136948.82,4457.64,8476.53,32331.07,1830651.1,1387953.1,397432.76,45265.240000000005,355745.12000000005,1367859.9300000002,107046.05
2020-2021,85,Vendée,37.0,4744.58,2900.35,5674.94,3236.6099999999997,3407.2200000000003,4225.77,2794.77,1964.93,1807.87,30757.040000000005,13319.869999999999,10869.6,6567.57,8272.5,11708.579999999998,10775.96
2020-2021,86,Vienne,54.0,2297.41,995.96,2277.47,651.59,563.83,934.44,1218.51,654.71,1128.53,10722.450000000003,5570.84,2149.86,3001.75,2214.5,4340.44,4167.51
2020-2021,87,Haute-Vienne,1.0,0.0,0.0,0.0,9.8,4.34,26.67,0.0,2.18,0.0,42.99,0.0,40.81,2.18,6.52,26.67,9.8
2020-2021,88,Vosges,1.0,0.0,0.0,0.0,0.0,0.0,0.0,0.0,0.0,98.35,98.35,0.0,0.0,98.35,0.0,98.35,0.0
2020-2021,89,Yonne,408.0,243247.25,1784.31,26037.28,171.17000000000002,38.98,133.15,475.0,123.02000000000001,294.97,272305.12999999995,271068.83999999997,343.3,892.99,1946.31,26465.4,243893.42
2020-2021,93,Seine-Saint-Denis,2.0,0.0,0.0,0.0,0.0,0.0,0.0,50.02,0.0,33.63,83.65,0.0,0.0,83.65,0.0,33.63,50.02
2020-2021,94,Val-de-Marne,1.0,0.0,0.0,0.0,0.0,0.0,0.0,4.33,0.0,0.0,4.33,0.0,0.0,4.33,0.0,0.0,4.33
2020-2021,95,Val-d'Oise,1.0,0.0,0.0,0.0,0.0,0.0,0.0,1.15,0.22,24.79,26.16,0.0,0.0,26.16,0.22,24.79,1.15
2021-2022,01,Ain,128.0,7781.55,4142.93,2871.41,412.96,108.89999999999999,154.96,1781.3200000000002,2012.6299999999999,802.67,20069.33,14795.89,676.82,4596.62,6264.46,3829.04,9975.83
2021-2022,02,Aisne,273.0,98430.21,8681.25,182.38,0.0,0.0,0.0,1116.4,220.52,0.0,108630.76000000001,107293.84000000001,0.0,1336.92,8901.77,182.38,99546.61
2021-2022,03,Allier,25.0,2940.91,1789.13,16175.79,251.1,0.0,252.96,837.03,273.75,346.02,22866.690000000002,20905.83,504.06,1456.8,2062.88,16774.77,4029.04
2021-2022,04,Alpes-de-Haute-Provence,12.0,559.26,2227.26,2880.15,725.41,7468.2,5024.42,243.15,1390.1000000000001,959.84,21477.790000000005,5666.67,13218.03,2593.09,11085.56,8864.41,1527.8200000000002
2021-2022,05,Hautes-Alpes,12.0,0.0,0.0,0.0,1132.91,948.82,1911.04,142.53,7.75,10.54,4153.59,0.0,3992.77,160.82,956.57,1921.58,1275.44
2021-2022,06,Alpes-Maritimes,17.0,654.15,66.01,1302.73,169.04,183.22,417.97,0.24,1.98,7.53,2802.8699999999994,2022.8899999999999,770.23,9.75,251.21,1728.23,823.43
2021-2022,07,Ardèche,244.0,6789.68,2622.7,86981.79,34198.82,74032.31,169658.63999999998,6389.57,1698.6100000000001,16102.4,398474.51999999996,96394.17,277889.77,24190.58,78353.62,272742.83,47378.07
2021-2022,09,Ariège,3.0,0.0,0.0,0.0,95.82,92.13,1569.78,3.4,0.0,34.83,1795.96,0.0,1757.73,38.23,92.13,1604.61,99.22
2021-2022,10,Aube,642.0,402164.72,19221.75,1307.28,0.0,0.0,0.0,0.0,0.0,0.0,422693.75,422693.75,0.0,0.0,19221.75,1307.28,402164.72
2021-2022,11,Aude,723.0,125025.41,70242.88,524009.43,170711.89,248458.83000000002,964975.9,17977.11,15323.6,121870.1,2258595.15,719277.72,1384146.62,155170.81,334025.31,1610855.4300000002,313714.41000000003
2021-2022,12,Aveyron,61.0,169.75,763.11,13950.15,135.99,101.97,2065.29,44.18,160.15,177.34,17567.93,14883.01,2303.25,381.67,1025.23,16192.779999999999,349.92
2021-2022,13,Bouches-du-Rhône,143.0,10405.5,85817.32,48495.66,5429.07,60096.3,37353.990000000005,2356.26,2787.28,3830.87,256572.25,144718.48,102879.36000000002,8974.41,148700.9,89680.52,18190.83
2021-2022,14,Calvados,1.0,0.0,0.0,0.0,443.48,0.0,220.88,6.24,0.0,0.0,670.6,0.0,664.36,6.24,0.0,220.88,449.72
2021-2022,15,Cantal,5.0,7.42,11.95,45.12,33.22,0.0,43.01,4.78,0.0,6.61,152.11,64.49,76.22999999999999,11.39,11.95,94.74,45.42
2021-2022,16,Charente,1134.0,36903.52,3248.55,13386.61,3086.84,4235.22,10434.95,1309.35,663.3100000000001,1953.04,75221.39,53538.68,17757.010000000002,3925.7,8147.080000000001,25774.600000000002,41299.71
2021-2022,17,Charente-Maritime,1260.0,136337.73,12871.38,11799.9,6693.78,6687.11,15661.6,2977.1600000000003,3997.88,6767.8,203794.33999999997,161009.01,29042.489999999998,13742.84,23556.37,34229.3,146008.67
2021-2022,18,Cher,273.0,65817.84,2759.7,22549.57,1061.67,109.27000000000001,2334.02,357.45,181.81,278.27,95449.59999999999,91127.10999999999,3504.96,817.53,3050.7799999999997,25161.86,67236.95999999999
2021-2022,19,Corrèze,21.0,808.22,0.0,583.26,617.23,33.38,1504.35,19.939999999999998,22.55,150.16,3739.09,1391.48,2154.96,192.64999999999998,55.93000000000001,2237.7699999999995,1445.39
2021-2022,21,Côte-d'Or,913.0,118830.96,2292.68,246439.67,672.8,11.77,258.25,1577.39,279.03,808.59,371171.1400000001,367563.31,942.8199999999999,2665.01,2583.4799999999996,247506.51,121081.15000000001
2021-2022,23,Creuse,1.0,0.0,0.0,0.0,0.0,0.0,0.0,20.85,0.0,39.58,60.43,0.0,0.0,60.43,0.0,39.58,20.85
2021-2022,24,Dordogne,409.0,121138.52,24199.3,252176.56,4556.64,1879.52,11268.09,5649.28,2082.43,6217.06,429167.4000000001,397514.38,17704.25,13948.77,28161.25,269661.71,131344.44
2021-2022,25,Doubs,7.0,16.8,0.0,16.25,246.0,0.0,7.5,93.30000000000001,0.0,9.59,389.44,33.05,253.5,102.89000000000001,0.0,33.34,356.1
2021-2022,26,Drôme,228.0,121737.46,17753.96,416336.21,7406.26,27146.53,56198.8,2767.66,3211.3,10291.22,662849.4,555827.63,90751.59,16270.18,48111.79,482826.23,131911.38
2021-2022,28,Eure et Loir,1.0,0.0,0.0,0.0,0.0,0.0,0.0,1.49,0.0,16.31,17.799999999999997,0.0,0.0,17.799999999999997,0.0,16.31,1.49
2021-2022,30,Gard,620.0,25023.22,63094.42,561108.81,86267.51000000001,273021.93,391452.89,16652.59,39797.05,80647.45,1537065.87,649226.4500000001,750742.3300000001,137097.09,375913.39999999997,1033209.15,127943.32
2021-2022,31,Haute-Garonne,38.0,13.5,9919.19,30181.71,370.8,2519.6,12743.97,308.4,3009.51,3519.1,62585.780000000006,40114.4,15634.369999999999,6837.01,15448.300000000001,46444.78,692.7
2021-2022,32,Gers,264.0,34784.19,8393.45,132865.06,162770.78,21869.0,50086.22,21907.629999999997,3001.79,8352.470000000001,444030.58999999997,176042.7,234726.0,33261.89,33264.24,191303.75,219462.6
2021-2022,33,Gironde,3905.0,373943.87,142301.36,7797502.5,15641.7,8199.81,27109.66,20330.3,22000.809999999998,65020.909999999996,8472050.920000002,8313747.73,50951.17,107352.01999999999,172501.97999999998,7889633.07,409915.87
2021-2022,34,Hérault,1101.0,66855.9,52021.47,392360.48,189263.54,315786.49,591812.7200000001,39606.93,19702.5,82073.46,1749483.49,511237.85,1096862.75,141382.89,387510.45999999996,1066246.6600000001,295726.37
2021-2022,36,Indre,32.0,3813.37,812.82,2663.9,498.8,41.5,745.5,1016.42,576.67,829.65,10998.63,7290.09,1285.8,2422.74,1430.99,4239.05,5328.59
2021-2022,37,Indre-et-Loire,607.0,152168.36,18844.14,185559.22,1149.27,560.54,2503.17,12388.3,8788.94,10066.519999999999,392028.4599999999,356571.72,4212.98,31243.759999999995,28193.620000000003,198128.91,165705.92999999996
2021-2022,38,Isère,71.0,3091.19,91.57,714.39,791.64,138.04,988.41,1435.24,191.13,317.56,7759.17,3897.15,1918.09,1943.9299999999998,420.74,2020.36,5318.07
2021-2022,39,Jura,252.0,125229.73,3962.23,23244.65,366.05,0.0,46.73,2770.04,66.31,1756.63,157442.37,152436.61,412.78000000000003,4592.98,4028.54,25048.010000000002,128365.81999999999
2021-2022,40,Landes,52.0,1036.18,2551.65,11938.87,3541.79,3650.31,4675.32,151.13,60.32,203.84,27809.410000000003,15526.7,11867.42,415.28999999999996,6262.28,16818.030000000002,4729.1
2021-2022,41,Loir-et-Cher,284.0,50670.93,10018.24,31859.19,2343.9900000000002,1559.32,4011.06,7788.58,3440.38,5494.66,117186.34999999999,92548.36,7914.370000000001,16723.62,15017.939999999999,41364.91,60803.5
2021-2022,42,Loire,86.0,1713.17,302.42,8398.88,1209.24,289.43,2472.18,712.74,488.0,1343.38,16929.44,10414.47,3970.85,2544.12,1079.85,12214.439999999999,3635.1499999999996
2021-2022,43,Haute-Loire,3.0,0.0,0.0,0.0,0.0,0.0,0.0,0.2,1.17,2.0,3.37,0.0,0.0,3.37,1.17,2.0,0.2
2021-2022,44,Loire-Atlantique,435.0,146251.12,587.23,847.49,21738.9,13302.04,11134.27,34468.1,19826.67,8728.720000000001,256884.53999999998,147685.84,46175.21000000001,63023.49,33715.94,20710.480000000003,202458.12
2021-2022,45,Loiret,9.0,951.45,159.6,1877.09,81.0,0.0,48.0,211.34,37.13,467.84000000000003,3833.45,2988.14,129.0,716.3100000000001,196.73,2392.93,1243.79
2021-2022,46,Lot,226.0,0.0,629.71,204885.76,2331.5,5419.78,37346.78,719.66,1109.03,8225.72,260667.93999999997,205515.47,45098.06,10054.41,7158.5199999999995,250458.26,3051.16
2021-2022,47,Lot-et-Garonne,149.0,6356.02,32395.19,221713.68,7460.37,2617.01,11433.57,3259.3799999999997,1477.4,6142.32,292854.94000000006,260464.88999999998,21510.95,10879.099999999999,36489.6,239289.57,17075.77
2021-2022,48,Lozère,5.0,0.0,0.0,0.0,51.23,3.06,112.75,13.450000000000001,0.0,13.66,194.14999999999998,0.0,167.04,27.11,3.06,126.41,64.67999999999999
2021-2022,49,Maine-et-Loire,725.0,175859.76,146253.83,191874.76,12410.2,5556.62,9483.83,18314.54,8603.039999999999,14362.24,582718.82,513988.35,27450.65,41279.82,160413.49,215720.83,206584.50000000003
2021-2022,51,Marne,3576.0,2361093.36,147370.82,7097.5,0.0,0.0,0.0,0.0,0.0,0.0,2515561.6799999997,2515561.6799999997,0.0,0.0,147370.82,7097.5,2361093.36
2021-2022,52,Haute-Marne,11.0,3358.28,104.78,0.0,524.9300000000001,26.78,1128.6299999999999,488.08,36.32,48.45,5716.25,3463.0600000000004,1680.34,572.85,167.88,1177.08,4371.29
2021-2022,53,Mayenne,1.0,0.0,0.0,0.0,0.0,0.0,0.0,208.24,104.7,0.0,312.94,0.0,0.0,312.94,104.7,0.0,208.24
2021-2022,54,Meurthe-et-Moselle,17.0,265.55,549.2,168.94,0.0,69.37,0.0,811.51,558.69,138.3,2561.56,983.69,69.37,1508.5,1177.2600000000002,307.24,1077.06
2021-2022,55,Meuse,6.0,0.0,0.0,0.0,420.51,155.91,65.47,123.0,25.3,26.5,816.6899999999999,0.0,641.89,174.8,181.21,91.97,543.51
2021-2022,57,Moselle,21.0,1088.82,34.5,675.32,154.11,19.5,0.0,1370.32,116.24,127.06,3585.87,1798.6399999999999,173.61,1613.62,170.24,802.3800000000001,2613.25
2021-2022,58,Nièvre,104.0,35692.89,340.72,2574.64,1018.1300000000001,94.21000000000001,459.21000000000004,1010.26,201.15,1198.49,42589.69999999999,38608.25,1571.5500000000002,2409.9,636.08,4232.34,37721.28
2021-2022,59,Nord,1.0,0.0,0.0,0.0,0.0,0.0,0.0,26.59,19.5,13.3,59.39,0.0,0.0,59.39,19.5,13.3,26.59
2021-2022,60,Oise,1.0,0.0,0.0,0.0,0.0,0.0,0.0,37.03,12.23,0.0,49.260000000000005,0.0,0.0,49.260000000000005,12.23,0.0,37.03
2021-2022,63,Puy-de-Dôme,54.0,174.86,246.25,1823.02,25.97,23.68,499.31,279.68,187.74,440.64,3701.1499999999996,2244.13,548.96,908.06,457.67,2762.97,480.51
2021-2022,64,Pyrénées-Atlantiques,111.0,86411.22,3247.37,98071.43,555.6800000000001,148.09,2991.13,1374.8,240.83,1189.7199999999998,194230.26999999996,187730.02,3694.9,2805.3499999999995,3636.29,102252.28,88341.7
2021-2022,65,Hautes-Pyrénées,14.0,519.27,0.0,10041.85,6.68,9.99,611.37,6.71,3.97,132.48,11332.32,10561.12,628.04,143.16,13.96,10785.7,532.66
2021-2022,66,Pyrénées-Orientales,458.0,108004.67,108926.26,305031.23,23410.05,21579.71,78681.86,4290.68,3537.11,18038.920000000002,671500.4900000001,521962.16,123671.62,25866.710000000003,134043.08,401752.00999999995,135705.4
2021-2022,67,Bas-Rhin,305.0,163471.88,19628.97,4790.03,0.0,0.0,0.0,2512.59,214.14,117.26,190734.87000000002,187890.88,0.0,2843.9900000000002,19843.11,4907.29,165984.47
2021-2022,68,Haut-Rhin,388.0,429080.2,32743.55,9580.05,0.0,0.0,0.0,4234.69,285.49,157.33,476081.31,471403.8,0.0,4677.509999999999,33029.04,9737.38,433314.89
2021-2022,69,Rhône,1139.0,30150.0,5945.94,205835.61,1660.83,613.2,3680.33,2942.2,2061.04,6292.33,259181.47999999998,241931.55,5954.36,11295.57,8620.18,215808.26999999996,34753.03
2021-2022,70,Haute-Saône,8.0,0.0,0.0,0.0,1571.8300000000002,29.55,1786.2,964.11,4.78,481.61,4838.079999999999,0.0,3387.58,1450.5,34.33,2267.81,2535.94
2021-2022,71,Saône-et-Loire,705.0,225403.78,4940.02,102307.7,386.35,24.51,402.22,4294.67,608.53,1287.72,339655.50000000006,332651.5,813.08,6190.92,5573.06,103997.64,230084.80000000002
2021-2022,72,Sarthe,35.0,3386.03,125.93,1004.89,572.55,15.21,176.64,891.05,240.82,1001.57,7414.6900000000005,4516.85,764.4,2133.44,381.96000000000004,2183.1,4849.63
2021-2022,73,Savoie,160.0,31686.14,2376.74,19048.15,2085.4,141.82,762.97,2522.98,465.95,682.07,59772.22,53111.03,2990.1900000000005,3671.0,2984.5099999999998,20493.190000000002,36294.520000000004
2021-2022,74,Haute-Savoie,39.0,4070.99,47.05,896.88,471.1,0.0,99.01,201.77,66.72,17.15,5870.670000000001,5014.92,570.11,285.64,113.77,1013.04,4743.860000000001
2021-2022,76,Seine-Maritime,3.0,0.0,0.0,0.0,0.0,0.0,0.0,35.41,0.0,0.0,35.41,0.0,0.0,35.41,0.0,0.0,35.41
2021-2022,77,Seine-et-Marne,5.0,755.09,40.86,0.0,2.0,0.0,1.3,4.4,0.0,3.3,806.9499999999999,795.95,3.3,7.7,40.86,4.6,761.49
2021-2022,78,Les Yvelines,3.0,0.0,0.0,0.0,0.0,0.0,0.0,2.0,0.0,0.5,2.5,0.0,0.0,2.5,0.0,0.5,2.0
2021-2022,79,Deux-Sèvres,30.0,1083.13,1868.04,2017.15,188.06,100.7,314.75,719.22,278.75,349.78,6919.58,4968.32,603.51,1347.75,2247.49,2681.6800000000003,1990.41
2021-2022,81,Tarn,174.0,23775.38,12394.27,116875.89,6091.759999999999,4090.0899999999997,42764.659999999996,5054.09,3782.27,20444.54,235272.94999999995,153045.54,52946.509999999995,29280.9,20266.63,180085.09,34921.229999999996
2021-2022,82,Tarn-et-Garonne,49.0,0.0,2467.29,30051.62,1707.84,1291.1100000000001,9774.1,227.88,2676.4700000000003,6136.81,54333.11999999999,32518.91,12773.05,9041.16,6434.870000000001,45962.53,1935.7199999999998
2021-2022,83,Var,540.0,19901.49,308835.23,117712.88,7901.79,99049.23,31722.23,1075.44,10765.51,4137.21,601101.01,446449.6,138673.25,15978.16,418649.97,153572.32,28878.72
2021-2022,84,Vaucluse,856.0,52298.58,101607.92,1061258.6,21092.47,162304.9,112322.28000000001,5740.36,10463.81,25332.02,1552420.9400000004,1215165.1,295719.65,41536.19,274376.63,1198912.9000000001,79131.41
2021-2022,85,Vendée,33.0,3883.78,2132.38,4570.42,2529.31,1741.24,2293.34,2684.5899999999997,1381.19,1032.73,22248.979999999996,10586.58,6563.89,5098.51,5254.8099999999995,7896.49,9097.68
2021-2022,86,Vienne,50.0,1657.27,715.41,3435.19,554.76,240.6,770.4399999999999,1040.72,497.82,687.49,9599.7,5807.87,1565.8,2226.0299999999997,1453.83,4893.12,3252.75
2021-2022,87,Haute-Vienne,1.0,0.0,0.0,0.0,0.0,0.0,0.0,0.0,0.0,0.0,0.0,0.0,0.0,0.0,0.0,0.0,0.0
2021-2022,88,Vosges,1.0,0.0,0.0,0.0,0.0,0.0,0.0,0.0,0.0,0.0,0.0,0.0,0.0,0.0,0.0,0.0,0.0
2021-2022,89,Yonne,418.0,180731.71,1157.43,21787.67,113.80000000000001,21.88,130.76,429.14,79.93,361.89000000000004,204814.21000000002,203676.81,266.44,870.96,1259.2400000000002,22280.319999999996,181274.65
2021-2022,92,Hauts-de-Seine,1.0,0.0,0.0,0.0,0.0,0.0,0.0,3.64,0.0,0.0,3.64,0.0,0.0,3.64,0.0,0.0,3.64
2021-2022,94,Val-de-Marne,1.0,0.0,0.0,0.0,0.0,0.0,0.0,2.48,0.0,0.0,2.48,0.0,0.0,2.48,0.0,0.0,2.48
2021-2022,95,Val -d'Oise,1.0,0.0,0.0,0.0,0.0,0.0,0.0,1.01,0.0,14.59,15.6,0.0,0.0,15.6,0.0,14.59,1.01
2022-2023,01,Ain,122.0,8542.76,4031.86,3243.75,714.02,188.35,222.95999999999998,1754.6299999999999,1891.28,994.76,21584.370000000006,15818.37,1125.33,4640.67,6111.49,4461.47,11011.41
2022-2023,02,Aisne,296.0,246294.85,11687.38,1577.11,0.0,0.0,0.0,1339.38,247.77,0.0,261146.49,259559.34,0.0,1587.15,11935.15,1577.11,247634.23
2022-2023,03,Allier,25.0,4373.05,2601.96,18029.57,483.03999999999996,20.85,385.52000000000004,960.06,224.58,383.78,27462.410000000003,25004.58,889.4100000000001,1568.4199999999998,2847.39,18798.87,5816.15
2022-2023,04,Alpes-de-Haute-Provence,13.0,549.79,2414.84,4180.14,1480.6,7702.43,5943.59,171.13,1241.73,932.3700000000001,24616.620000000003,7144.77,15126.62,2345.2300000000005,11359.0,11056.1,2201.52
2022-2023,05,Hautes-Alpes,13.0,0.0,0.0,0.0,1402.46,672.32,2335.46,94.46,2.61,27.24,4534.549999999999,0.0,4410.24,124.30999999999999,674.9300000000001,2362.7,1496.92
2022-2023,06,Alpes-Maritimes,16.0,429.31,53.98,1087.57,104.69,99.37,374.69,6.35,0.0,26.85,2182.8099999999995,1570.86,578.75,33.2,153.35,1489.11,540.35
2022-2023,07,Ardèche,250.0,6205.62,2263.52,83674.71,31281.04,82036.84,154510.08,4519.41,1115.97,12662.05,378269.23999999993,92143.85,267827.95999999996,18297.43,85416.33,250846.83999999997,42006.07000000001
2022-2023,08,Ardennes,1.0,0.0,0.0,0.0,0.0,0.0,0.0,6.26,0.43,0.0,6.6899999999999995,0.0,0.0,6.6899999999999995,0.43,0.0,6.26
2022-2023,09,Ariège,3.0,0.0,0.0,0.0,79.6,102.74,1675.33,0.5,0.0,45.67,1903.84,0.0,1857.6699999999998,46.17,102.74,1721.0,80.1
2022-2023,10,Aube,638.0,448519.89,22930.09,1917.04,0.0,0.0,0.0,0.0,0.0,0.0,473367.02,473367.02,0.0,0.0,22930.09,1917.04,448519.89
2022-2023,11,Aude,750.0,137482.51,94621.9,579426.5,273551.18,266953.81999999995,1271265.8800000001,49733.03,18993.61,124322.24,2816350.67,811530.91,1811770.8800000001,193048.88,380569.32999999996,1975014.62,460766.72
2022-2023,12,Aveyron,58.0,219.76,728.89,15248.28,241.68,95.32,2880.66,63.15,107.14,279.01,19863.89,16196.93,3217.66,449.29999999999995,931.35,18407.95,524.59
2022-2023,13,Bouches-du-Rhône,161.0,12287.21,108691.07,52534.67,10935.8,80115.01,48825.49,1867.46,3748.7,3340.04,322345.45000000007,173512.95,139876.3,8956.2,192554.78000000003,104700.2,25090.469999999998
2022-2023,14,Calvados,1.0,0.0,0.0,0.0,496.26,0.0,239.26,3.25,0.0,0.0,738.77,0.0,735.52,3.25,0.0,239.26,499.51
2022-2023,15,Cantal,5.0,16.82,16.3,49.9,79.89,8.0,136.09,3.49,0.0,3.01,313.5,83.02000000000001,223.98000000000002,6.5,24.3,189.0,100.2
2022-2023,16,Charente,1071.0,34094.27,2892.53,11688.43,2733.52,4023.87,12828.28,3160.3900000000003,587.82,2430.7700000000004,74439.88000000002,48675.229999999996,19585.67,6178.980000000001,7504.219999999999,26947.48,39988.17999999999
2022-2023,17,Charente-Maritime,1148.0,126163.2,7880.74,18823.37,7416.049999999999,8039.3099999999995,15693.82,2701.05,4276.26,4340.78,195334.58,152867.31,31149.18,11318.09,20196.309999999998,38857.97,136280.3
2022-2023,18,Cher,303.0,92412.16,6047.06,32277.95,3154.91,186.0,1260.8899999999999,990.39,167.89,545.09,137042.34000000005,130737.17,4601.799999999999,1703.37,6400.950000000001,34083.93,96557.46
2022-2023,19,Corrèze,24.0,770.33,0.0,887.15,717.86,125.98,1485.82,36.59,24.11,199.31,4247.15,1657.48,2329.66,260.01,150.09,2572.2799999999997,1524.78
2022-2023,21,Côte-d'Or,887.0,136106.0,2489.63,281569.59,1010.9200000000001,36.79,465.29,1575.0,268.56,1226.71,424748.49,420165.22000000003,1513.0,3070.27,2794.98,283261.59,138691.92
2022-2023,22,Côtes d'Armor,1.0,0.0,0.0,0.0,0.0,0.0,0.0,2.7,0.0,0.0,2.7,0.0,0.0,2.7,0.0,0.0,2.7
2022-2023,23,Creuse,1.0,0.0,0.0,0.0,0.0,0.0,0.0,13.77,0.0,51.18,64.95,0.0,0.0,64.95,0.0,51.18,13.77
2022-2023,24,Dordogne,406.0,101382.68,19115.27,275191.57,3784.9,1610.46,12683.7,6003.4400000000005,1743.05,8867.109999999999,430382.18,395689.52,18079.06,16613.6,22468.78,296742.38,111171.01999999999
2022-2023,25,Doubs,10.0,19.68,0.0,10.24,231.99,0.0,7.17,267.94,0.33,37.25,574.6000000000001,29.92,239.16,305.52,0.33,54.66,519.61
2022-2023,26,Drôme,242.0,125839.8,18172.94,447231.51,6644.58,26180.35,57350.350000000006,6298.160000000001,3584.0899999999997,14429.7,705731.48,591244.25,90175.28,24311.95,47937.37999999999,519011.56,138782.54
2022-2023,27,Eure,1.0,0.0,0.0,0.0,0.0,0.0,0.0,0.0,0.0,0.0,0.0,0.0,0.0,0.0,0.0,0.0,0.0
2022-2023,28,Eure et Loir,1.0,0.0,0.0,0.0,0.0,0.0,0.0,7.45,0.0,54.09,61.540000000000006,0.0,0.0,61.540000000000006,0.0,54.09,7.45
2022-2023,30,Gard,627.0,23590.02,71387.35,562329.01,119293.40000000001,333600.88,473470.77,34976.009999999995,53674.61,87148.91,1759470.96,657306.38,926365.05,175799.53,458662.83999999997,1122948.69,177859.43
2022-2023,31,Haute-Garonne,42.0,0.0,13171.5,30024.03,341.85,7327.98,15647.5,397.23,1975.86,4599.88,73485.83,43195.53,23317.33,6972.97,22475.34,50271.409999999996,739.08
2022-2023,32,Gers,247.0,35698.87,6853.12,127356.03,155846.72999999998,23008.04,45862.43,16004.08,3388.9700000000003,9290.880000000001,423309.14999999997,169908.02000000002,224717.19999999998,28683.93,33250.13,182509.34,207549.67999999996
2022-2023,33,Gironde,3876.0,333270.0,119688.17,7940383.01,7479.21,14543.22,30843.43,30940.98,25516.73,77944.43,8580609.18,8393341.18,52865.86,134402.13999999998,159748.12,8049170.869999999,371690.19
2022-2023,34,Hérault,1052.0,80141.88,55854.74,431713.24,308466.16000000003,409378.92000000004,897112.4600000001,76155.27,43510.5,163311.11000000002,2465644.2800000007,567709.86,1614957.54,282976.88,508744.16000000003,1492136.8100000003,464763.31000000006
2022-2023,35,Ille et Vilaine,1.0,0.0,0.0,0.0,0.0,0.0,0.0,2.55,0.0,2.4,4.949999999999999,0.0,0.0,4.949999999999999,0.0,2.4,2.55
2022-2023,36,Indre,36.0,4681.8,1065.3,3462.96,753.42,402.54,493.61,950.4399999999999,719.5,1106.99,13636.560000000001,9210.060000000001,1649.5700000000002,2776.9300000000003,2187.34,5063.56,6385.66
2022-2023,37,Indre-et-Loire,586.0,173125.19,20440.51,171464.87,1800.1,711.0999999999999,2546.22,14512.73,10520.45,20109.62,415230.79000000004,365030.57,5057.42,45142.8,31672.059999999998,194120.71,189438.02000000002
2022-2023,38,Isère,63.0,3031.62,89.35,699.8,923.8199999999999,117.42,1071.5900000000001,1164.77,95.32,363.11999999999995,7556.81,3820.7699999999995,2112.83,1623.2099999999998,302.09,2134.51,5120.209999999999
2022-2023,39,Jura,236.0,138042.57,3657.47,26091.9,48.8,0.0,13.53,2907.2200000000003,60.22,1223.77,172045.47999999998,167791.94,62.33,4191.21,3717.6899999999996,27329.2,140998.59
2022-2023,40,Landes,45.0,882.55,2785.23,11404.15,1525.37,1967.65,3283.47,100.24,67.61,179.79,22196.060000000005,15071.93,6776.49,347.64,4820.49,14867.41,2508.16
2022-2023,41,Loir-et-Cher,273.0,56433.56,10802.05,39588.75,4941.76,1792.53,5159.7,8827.369999999999,3893.27,7693.45,139132.43999999997,106824.36,11893.99,20414.09,16487.85,52441.899999999994,70202.69
2022-2023,42,Loire,85.0,1789.41,374.04,9301.32,1481.44,170.92,2223.29,494.15,443.26,956.76,17234.59,11464.77,3875.65,1894.17,988.22,12481.37,3765.0000000000005
2022-2023,43,Haute-Loire,4.0,0.0,0.0,0.0,0.0,0.0,0.0,4.33,3.62,33.64,41.59,0.0,0.0,41.59,3.62,33.64,4.33
2022-2023,44,Loire-Atlantique,415.0,144632.75,772.58,905.36,27111.02,11551.240000000002,12367.96,34780.73,18209.33,8947.29,259278.25999999992,146310.68999999997,51030.22,61937.350000000006,30533.15,22220.61,206524.5
2022-2023,45,Loiret,13.0,1349.67,232.53,2437.07,78.35,0.0,109.04,275.31,115.65,604.66,5202.280000000001,4019.2700000000004,187.39,995.62,348.18,3150.77,1703.33
2022-2023,46,Lot,232.0,0.0,484.74,236066.75,3185.0299999999997,7663.65,46132.72,747.49,1264.9399999999998,9048.1,304593.4200000001,236551.49,56981.4,11060.53,9413.33,291247.56999999995,3932.5199999999995
2022-2023,47,Lot-et-Garonne,152.0,5497.2,28079.3,229867.34,5375.99,4789.28,13018.56,2785.07,1658.08,7147.53,298218.3499999999,263443.83999999997,23183.83,11590.68,34526.66,250033.43,13658.259999999998
2022-2023,48,Lozère,4.0,0.0,0.0,0.0,65.7,3.93,100.9,16.89,0.2,14.71,202.33,0.0,170.53000000000003,31.8,4.13,115.61000000000001,82.59
2022-2023,49,Maine-et-Loire,711.0,182501.31,143161.94,191238.53,13816.36,5781.32,9583.42,20672.11,9446.24,15510.17,591711.4000000003,516901.78,29181.1,45628.52,158389.5,216332.12000000002,216989.77999999997
2022-2023,50,Manche,2.0,0.0,0.0,0.0,0.0,0.0,0.0,4.24,0.0,0.0,4.24,0.0,0.0,4.24,0.0,0.0,4.24
2022-2023,51,Marne,3643.0,2625338.48,159083.93,9713.14,0.0,0.0,0.0,0.0,0.0,0.0,2794135.5500000003,2794135.5500000003,0.0,0.0,159083.93,9713.14,2625338.48
2022-2023,52,Haute-Marne,16.0,3738.25,192.69,0.0,583.4,30.15,1287.31,538.53,90.74,47.23,6508.299999999998,3930.94,1900.86,676.5,313.58,1334.54,4860.179999999999
2022-2023,53,Mayenne,2.0,0.0,0.0,0.0,0.0,0.0,0.0,216.2,79.94,6.5,302.64,0.0,0.0,302.64,79.94,6.5,216.2
2022-2023,54,Meurthe-et-Moselle,19.0,264.34,502.72,334.71,97.47,93.49,0.0,747.6999999999999,675.08,268.22999999999996,2983.7400000000002,1101.77,190.95999999999998,1691.01,1271.29,602.9399999999999,1109.5099999999998
2022-2023,55,Meuse,6.0,0.0,0.0,0.0,704.03,244.35,368.19,100.79,2.8,2.6,1422.7599999999998,0.0,1316.57,106.19,247.15,370.79,804.8199999999999
2022-2023,56,Morbihan,2.0,0.0,0.0,0.0,0.0,0.0,0.0,13.21,0.41,0.0,13.620000000000001,0.0,0.0,13.620000000000001,0.41,0.0,13.21
2022-2023,57,Moselle,20.0,1394.12,116.56,840.22,316.88,27.81,0.0,1448.5800000000002,136.82,153.69,4434.679999999999,2350.8999999999996,344.69,1739.0900000000001,281.19,993.9100000000001,3159.58
2022-2023,58,Nièvre,108.0,37406.01,321.17,3229.27,1500.49,100.98,767.5999999999999,3190.12,69.88,557.48,47142.99999999999,40956.45,2369.0699999999997,3817.48,492.03000000000003,4554.35,42096.62
2022-2023,59,Nord,1.0,0.0,0.0,0.0,0.0,0.0,0.0,17.43,5.29,10.28,33.0,0.0,0.0,33.0,5.29,10.28,17.43
2022-2023,60,Oise,2.0,0.0,0.0,0.0,0.0,0.0,0.0,15.79,2.35,2.05,20.19,0.0,0.0,20.19,2.35,2.05,15.79
2022-2023,62,Pas-de-Calais,1.0,0.0,0.0,0.0,0.0,0.0,0.0,13.6,0.0,0.0,13.6,0.0,0.0,13.6,0.0,0.0,13.6
2022-2023,63,Puy-de-Dôme,67.0,311.07,372.54,2266.35,56.23,146.86,613.87,517.98,316.33,894.7099999999999,5495.94,2949.96,816.96,1729.02,835.73,3774.93,885.28
2022-2023,64,Pyrénées-Atlantiques,116.0,83858.02,3698.46,84506.96,765.76,213.63,3570.6400000000003,1457.18,258.59,1607.48,179936.72,172063.44,4550.030000000001,3323.25,4170.68,89685.08,86080.95999999999
2022-2023,65,Hautes-Pyrénées,15.0,551.89,0.0,8903.91,115.75999999999999,109.17,824.33,9.51,10.26,425.58,10950.41,9455.8,1049.26,445.34999999999997,119.43,10153.82,677.16
2022-2023,66,Pyrénées-Orientales,451.0,113227.58,92795.0,316748.2,29741.420000000002,25154.74,90937.12999999999,5768.85,3461.2799999999997,17609.9,695444.1,522770.78,145833.28999999998,26840.030000000002,121411.02,425295.23000000004,148737.85
2022-2023,67,Bas-Rhin,298.0,152517.07,19287.9,4906.18,0.0,0.0,0.0,3090.48,231.39,370.34,180403.36000000002,176711.15,0.0,3692.21,19519.29,5276.52,155607.55000000002
2022-2023,68,Haut-Rhin,386.0,413860.62,31986.68,10135.98,0.0,0.0,0.0,4252.33,404.25,1690.97,462330.82999999996,455983.27999999997,0.0,6347.55,32390.93,11826.949999999999,418112.95
2022-2023,69,Rhône,1069.0,27235.27,5468.24,199695.81,1664.4399999999998,285.38,3535.3900000000003,7480.64,1743.07,6055.91,253164.15,232399.32,5485.21,15279.62,7496.69,209287.11000000002,36380.35
2022-2023,70,Haute-Saône,9.0,0.0,0.0,0.0,1673.54,51.05,1977.76,1101.78,3.15,535.31,5342.59,0.0,3702.35,1640.24,54.199999999999996,2513.0699999999997,2775.3199999999997
2022-2023,71,Saône-et-Loire,648.0,288732.41,5068.49,116156.01,418.76,12.799999999999999,309.5,4143.360000000001,575.7,1384.72,416801.74999999994,409956.91,741.06,6103.780000000001,5656.99,117850.23,293294.52999999997
2022-2023,72,Sarthe,39.0,4635.63,272.83,1740.43,618.58,163.57,302.02,1430.9499999999998,390.93,1291.18,10846.119999999999,6648.89,1084.17,3113.06,827.3299999999999,3333.63,6685.16
2022-2023,73,Savoie,157.0,35660.03,4198.18,14211.46,2479.59,141.98000000000002,720.3799999999999,2533.25,866.92,782.54,61594.329999999994,54069.67,3341.95,4182.71,5207.08,15714.379999999997,40672.869999999995
2022-2023,74,Haute-Savoie,35.0,3721.04,50.75,905.0,707.3299999999999,11.25,147.79,321.89,51.23,77.99000000000001,5994.2699999999995,4676.79,866.3699999999999,451.11,113.22999999999999,1130.78,4750.26
2022-2023,76,Seine-Maritime,3.0,0.0,0.0,0.0,0.0,0.0,0.0,36.29,0.0,0.0,36.29,0.0,0.0,36.29,0.0,0.0,36.29
2022-2023,77,Seine-et-Marne,8.0,875.18,44.59,0.0,74.52,0.0,44.19,6.97,0.0,0.52,1045.97,919.77,118.71,7.49,44.59,44.71,956.67
2022-2023,78,Yvelines,3.0,0.0,0.0,0.0,0.0,0.0,0.0,7.5,0.0,3.1,10.600000000000001,0.0,0.0,10.6,0.0,3.1,7.5
2022-2023,79,Deux-Sèvres,33.0,938.95,2670.84,1712.13,280.99,107.17,249.09,799.63,220.23,262.98,7242.01,5321.92,637.25,1282.8400000000001,2998.2400000000002,2224.2,2019.5700000000002
2022-2023,80,Somme,2.0,0.0,0.0,0.0,0.0,0.0,0.0,254.39,48.6,36.63,339.62,0.0,0.0,339.62,48.6,36.63,254.39
2022-2023,81,Tarn,179.0,22259.48,11428.84,112519.7,12279.65,7982.97,57840.29,7249.86,4313.35,25144.8,261018.94000000003,146208.02,78102.91,36708.009999999995,23725.160000000003,195504.78999999998,41788.99
2022-2023,82,Tarn-et-Garonne,48.0,0.0,2698.6,28024.52,2319.99,1594.48,7082.14,403.86,2870.94,6516.86,51511.39,30723.12,10996.61,9791.66,7164.02,41623.520000000004,2723.85
2022-2023,83,Var,521.0,17256.86,311189.55,109691.82,10720.380000000001,108705.40000000001,32064.46,1557.4,8783.23,4353.29,604322.39,438138.23,151490.24000000002,14693.919999999998,428678.18,146109.57,29534.640000000003
2022-2023,84,Vaucluse,867.0,58267.28,116740.76,1187432.47,32143.260000000002,164549.45,168579.16999999998,10034.32,8353.23,33956.14,1780056.08,1362440.51,365271.88,52343.69,289643.44,1389967.7799999998,100444.86000000002
2022-2023,85,Vendée,34.0,3555.82,1657.93,4876.13,2637.29,2798.41,3242.1400000000003,2720.0899999999997,1415.01,2818.63,25721.45,10089.880000000001,8677.84,6953.73,5871.35,10936.900000000001,8913.2
2022-2023,86,Vienne,46.0,1619.07,590.75,2650.04,353.62,357.15,732.23,1002.0,364.1,620.77,8289.73,4859.86,1443.0,1986.87,1312.0,4003.04,2974.69
2022-2023,87,Haute-Vienne,1.0,0.0,0.0,0.0,0.0,0.0,0.0,0.0,0.0,0.0,0.0,0.0,0.0,0.0,0.0,0.0,0.0
2022-2023,88,Vosges,3.0,0.0,0.0,0.0,0.0,0.0,0.0,0.0,0.0,0.0,0.0,0.0,0.0,0.0,0.0,0.0,0.0
2022-2023,89,Yonne,418.0,244615.34,3239.7,33893.82,213.37,11.22,179.03,595.8199999999999,144.05,561.52,283453.87000000005,281748.86,403.62,1301.3899999999999,3394.97,34634.369999999995,245424.53
2022-2023,92,Hauts-de-Seine,2.0,0.0,0.0,0.0,0.0,0.0,0.0,3.18,0.0,0.0,3.18,0.0,0.0,3.18,0.0,0.0,3.18
2022-2023,93,Seine-Saint-Denis,1.0,0.0,0.0,0.0,2.4,0.0,0.0,0.0,0.0,0.0,2.4,0.0,2.4,0.0,0.0,0.0,2.4
2022-2023,94,Val-de-Marne,1.0,0.0,0.0,0.0,0.0,0.0,0.0,4.25,0.0,0.0,4.25,0.0,0.0,4.25,0.0,0.0,4.25
2022-2023,95,Val-d'Oise,3.0,0.0,0.0,0.0,0.0,0.0,0.0,25.84,0.0,21.32,47.16,0.0,0.0,47.16,0.0,21.32,25.84
2023-2024,01,Ain,112.0,8700.55,3264.71,3242.93,837.75,229.68,264.25,1896.09,2058.89,1451.31,21946.159999999996,15208.189999999999,1331.68,5406.289999999999,5553.28,4958.49,11434.39
2023-2024,02,Aisne,272.0,223442.84,11493.42,428.0,0.0,0.0,0.0,2283.5,218.36,0.0,237866.12,235364.26,0.0,2501.86,11711.78,428.0,225726.34
2023-2024,03,Allier,26.0,5998.05,2731.17,21919.82,647.17,10.36,531.3399999999999,1098.21,158.71,378.52,33473.35,30649.04,1188.87,1635.44,2900.2400000000002,22829.68,7743.43
2023-2024,04,Alpes-de-Haute-Provence,13.0,561.0,2174.65,4576.96,1705.6399999999999,6526.46,5509.96,161.95999999999998,1400.6399999999999,1062.79,23680.059999999998,7312.610000000001,13742.060000000001,2625.39,10101.75,11149.71,2428.6
2023-2024,05,Hautes-Alpes,14.0,0.0,0.0,0.0,1316.37,720.36,3048.43,74.22,3.16,59.95,5222.49,0.0,5085.16,137.32999999999998,723.52,3108.3799999999997,1390.59
2023-2024,06,Alpes-Maritimes,17.0,554.15,119.26,1223.68,174.56,66.41,453.88,17.47,50.61,52.32,2712.34,1897.0900000000001,694.85,120.4,236.28000000000003,1729.8799999999999,746.1800000000001
2023-2024,07,Ardèche,254.0,6027.1,2586.05,72183.24,38141.04,74453.84000000001,144802.22,5276.28,2471.1299999999997,17886.44,363827.3399999999,80796.39000000001,257397.1,25633.85,79511.02000000002,234871.90000000002,49444.42
2023-2024,08,Ardennes,2.0,0.0,0.0,0.0,0.0,0.0,0.0,6.75,3.48,0.0,10.23,0.0,0.0,10.23,3.48,0.0,6.75
2023-2024,09,Ariège,3.0,0.0,0.0,0.0,28.0,14.47,1157.74,17.0,0.0,7.98,1225.19,0.0,1200.21,24.98,14.47,1165.72,45.0
2023-2024,10,Aube,576.0,443687.24,22924.63,1638.2,0.0,0.0,0.0,1874.25,0.0,0.0,470124.32,468250.07,0.0,1874.25,22924.63,1638.2,445561.49
2023-2024,11,Aude,754.0,137569.34,66647.57,534594.01,323550.59,234212.90000000002,1097306.12,51078.88,12856.68,103026.3,2560842.390000001,738810.92,1655069.61,166961.86,313717.15,1734926.4300000002,512198.81000000006
2023-2024,12,Aveyron,57.0,151.38,845.05,14649.69,149.61,172.14,1792.81,59.66,36.33,656.04,18512.71,15646.12,2114.56,752.03,1053.52,17098.54,360.65
2023-2024,13,Bouches-du-Rhône,167.0,14782.74,129984.45,49970.89,12629.33,49287.24,50148.270000000004,2108.04,7070.71,3975.56,319957.23,194738.08000000002,112064.84,13154.31,186342.4,104094.72,29520.11
2023-2024,14,Calvados,1.0,0.0,0.0,0.0,653.0,0.0,328.98,0.0,0.0,0.0,981.98,0.0,981.98,0.0,0.0,328.98,653.0
2023-2024,15,Cantal,5.0,13.36,24.14,70.46,32.62,0.0,44.15,20.42,7.0,27.7,239.84999999999997,107.96,76.77,55.120000000000005,31.14,142.30999999999997,66.4
2023-2024,16,Charente,1090.0,31819.83,2829.34,10893.23,4428.589999999999,4307.82,12497.87,2967.73,3027.25,5543.2,78314.85999999999,45542.399999999994,21234.28,11538.18,10164.41,28934.3,39216.15
2023-2024,17,Charente-Maritime,1114.0,124613.99,8730.2,19183.35,8655.279999999999,10945.02,14368.33,5696.9400000000005,6864.650000000001,5393.3099999999995,204451.07,152527.54,33968.63,17954.9,26539.870000000003,38944.99,138966.21000000002
2023-2024,18,Cher,316.0,122933.32,6725.79,39995.21,4122.99,188.10000000000002,1683.4,1143.02,326.30999999999995,715.03,177833.17,169654.32,5994.49,2184.3599999999997,7240.200000000001,42393.64,128199.33000000002
2023-2024,19,Corrèze,23.0,980.94,0.0,785.04,727.72,183.48,1113.43,64.9,0.21,55.65,3911.3699999999994,1765.98,2024.63,120.75999999999999,183.69,1954.1200000000001,1773.5600000000002
2023-2024,21,Côte-d'Or,875.0,156691.84,2747.45,330486.54,1399.03,154.61,710.65,1714.36,211.7,1679.3400000000001,495795.51999999996,489925.82999999996,2264.29,3605.4,3113.7599999999998,332876.53,159805.22999999998
2023-2024,22,Côtes d'Armor,2.0,0.0,0.0,0.0,0.0,0.0,0.0,15.5,0.0,0.0,15.5,0.0,0.0,15.5,0.0,0.0,15.5
2023-2024,23,Creuse,2.0,0.0,0.0,0.0,0.0,0.0,0.0,15.88,0.0,66.53,82.41,0.0,0.0,82.41,0.0,66.53,15.88
2023-2024,24,Dordogne,390.0,129019.24,23494.22,231310.61,5344.599999999999,2206.85,10052.88,6094.64,1769.94,7873.54,417166.51999999996,383824.07,17604.329999999998,15738.119999999999,27471.01,249237.03,140458.48
2023-2024,25,Doubs,10.0,23.7,0.0,7.8,458.89,0.0,25.599999999999998,287.58,0.0,52.64,856.2099999999999,31.5,484.49,340.21999999999997,0.0,86.03999999999999,770.17
2023-2024,26,Drôme,234.0,119582.23,21574.52,363497.42,9630.449999999999,16417.42,35345.64,7231.45,3014.6699999999996,10562.62,586856.42,504654.17,61393.509999999995,20808.739999999998,41006.61,409405.68,136444.13
2023-2024,27,Eure,1.0,0.0,0.0,0.0,0.0,0.0,0.0,35.92,18.29,0.0,54.21,0.0,0.0,54.21,18.29,0.0,35.92
2023-2024,28,Eure et Loir,2.0,0.0,0.0,0.0,0.0,0.0,0.0,10.03,0.24,77.55,87.82,0.0,0.0,87.82,0.24,77.55,10.03
2023-2024,29,Finistère,1.0,0.0,0.0,0.0,0.0,0.0,0.0,0.0,0.0,0.0,0.0,0.0,0.0,0.0,0.0,0.0,0.0
2023-2024,30,Gard,624.0,31361.0,71590.61,547366.42,164079.84,307230.0,502032.58999999997,37034.17,55117.659999999996,111396.18,1827208.47,650318.03,973342.4299999999,203548.00999999998,433938.26999999996,1160795.19,232475.01
2023-2024,31,Haute-Garonne,38.0,0.0,10440.34,19510.16,314.43,2325.55,4329.639999999999,666.5300000000001,2331.69,4502.29,44420.63,29950.5,6969.619999999999,7500.51,15097.58,28342.09,980.96
2023-2024,32,Gers,250.0,35038.98,5152.49,101992.88,217807.55000000002,19441.68,36806.85,52281.53,2402.1,7646.12,478570.1800000001,142184.35,274056.08,62329.75,26996.269999999997,146445.85,305128.06000000006
2023-2024,33,Gironde,3838.0,442958.7,134281.09,7795964.85,18724.12,12042.789999999999,23462.04,60387.82000000001,31722.03,98638.21,8618181.65,8373204.64,54228.95,190748.06,178045.91,7918065.1,522070.64
2023-2024,34,Hérault,1103.0,86932.98,35501.43,401263.19,354318.43,309724.29,771165.74,71490.46,24229.27,117302.38,2171928.17,523697.6,1435208.46,213022.11000000002,369454.99,1289731.31,512741.87
2023-2024,35,Ille et Vilaine,1.0,0.0,0.0,0.0,0.0,0.0,0.0,22.65,0.0,24.33,46.98,0.0,0.0,46.98,0.0,24.33,22.65
2023-2024,36,Indre,39.0,7086.23,1466.35,4479.41,2346.32,179.35,651.52,1244.65,687.68,1455.5700000000002,19597.08,13031.99,3177.19,3387.9,2333.3799999999997,6586.5,10677.199999999999
2023-2024,37,Indre-et-Loire,575.0,203429.08,25317.18,180664.25,2100.3500000000004,669.52,1595.31,20043.079999999998,11502.18,13922.46,459243.40999999986,409410.51,4365.18,45467.72,37488.880000000005,196182.02,225572.50999999998
2023-2024,38,Isère,69.0,2762.55,105.17,2106.23,851.2199999999999,85.86,881.02,916.94,81.28,320.95,8111.22,4973.950000000001,1818.1,1319.17,272.31,3308.2,4530.71
2023-2024,39,Jura,238.0,164298.71,6087.09,31600.8,69.93,0.0,47.62,3691.3500000000004,85.0,1718.1699999999998,207598.66999999995,201986.59999999998,117.55000000000001,5494.52,6172.09,33366.59,168059.99
2023-2024,40,Landes,51.0,1255.45,2131.24,11961.19,3093.9,2323.71,3147.87,1484.23,153.27,146.61,25697.47,15347.880000000001,8565.48,1784.1100000000001,4608.22,15255.670000000002,5833.58
2023-2024,41,Loir-et-Cher,275.0,103193.69,14581.89,47224.72,12607.16,1766.7,5940.58,13186.48,5713.17,8715.07,212929.46,165000.3,20314.440000000002,27614.72,22061.760000000002,61880.37,128987.33
2023-2024,42,Loire,84.0,1869.47,336.48,11411.99,1755.4,182.6,2669.41,499.99,390.85,1400.98,20517.170000000002,13617.939999999999,4607.41,2291.82,909.9300000000001,15482.38,4124.86
2023-2024,43,Haute-Loire,3.0,0.0,0.0,0.0,0.0,0.0,0.0,8.08,1.81,55.12,65.01,0.0,0.0,65.00999999999999,1.81,55.12,8.08
2023-2024,44,Loire-Atlantique,393.0,181368.71,612.84,1243.83,45338.14,16684.23,13966.96,49700.090000000004,24867.37,12220.25,346002.42000000004,183225.37999999998,75989.32999999999,86787.71,42164.44,27431.04,276406.94
2023-2024,45,Loiret,11.0,1561.72,247.56,2495.38,79.45,5.73,124.26,273.57,121.91,701.65,5611.229999999999,4304.66,209.44,1097.13,375.2,3321.2900000000004,1914.74
2023-2024,46,Lot,227.0,0.0,486.17,192905.71,4155.1900000000005,5768.0599999999995,27160.510000000002,801.53,1421.0,5404.63,238102.8,193391.88,37083.76,7627.16,7675.23,225470.85,4956.72
2023-2024,47,Lot-et-Garonne,141.0,5825.47,19840.72,212780.75,10630.92,6654.9,11247.68,9033.21,2183.3300000000004,11181.0,289377.98000000004,238446.94,28533.5,22397.54,28678.950000000004,235209.43,25489.6
2023-2024,48,Lozère,4.0,0.0,0.0,0.0,71.44,6.78,142.86,15.65,0.0,12.27,249.00000000000003,0.0,221.08,27.92,6.78,155.13000000000002,87.09
2023-2024,49,Maine-et-Loire,705.0,231193.14,209237.01,218389.53,23981.81,7716.87,12015.490000000002,30006.02,19291.510000000002,21168.030000000002,772999.4100000001,658819.68,43714.17,70465.56,236245.39,251573.05,285180.97000000003
2023-2024,50,Manche,1.0,0.0,0.0,0.0,0.0,0.0,0.0,0.8,0.0,0.0,0.8,0.0,0.0,0.8,0.0,0.0,0.8
2023-2024,51,Marne,3337.0,2812611.06,165147.36,7401.97,0.0,0.0,0.0,13459.55,0.2,0.0,2998620.14,2985160.39,0.0,13459.75,165147.56,7401.97,2826070.61
2023-2024,52,Haute-Marne,14.0,2579.41,116.93,0.0,899.1700000000001,122.23,1493.69,466.17,234.99,44.0,5956.589999999998,2696.3399999999997,2515.09,745.1600000000001,474.15000000000003,1537.69,3944.75
2023-2024,53,Mayenne,2.0,0.0,0.0,0.0,0.0,0.0,0.0,223.9,83.86,6.23,313.99,0.0,0.0,313.99,83.86,6.23,223.9
2023-2024,54,Meurthe-et-Moselle,19.0,256.74,454.58,232.11,120.87,112.35,11.08,665.71,617.0,244.3,2714.74,943.43,244.3,1527.01,1183.9299999999998,487.49,1043.3200000000002
2023-2024,55,Meuse,7.0,0.0,0.0,0.0,932.65,264.23,388.12,432.03,182.7,9.43,2209.16,0.0,1585.0,624.16,446.93,397.55,1364.6799999999998
2023-2024,56,Morbihan,3.0,0.0,0.0,0.0,0.0,0.0,0.0,109.94,57.41,0.0,167.35,0.0,0.0,167.35,57.41,0.0,109.94
2023-2024,57,Moselle,23.0,1460.09,119.71,821.21,440.89,39.84,0.0,1494.45,100.64,93.09,4569.920000000001,2401.01,480.73,1688.18,260.19,914.3000000000001,3395.4300000000003
2023-2024,58,Nièvre,107.0,49220.77,320.23,4011.3,2566.4700000000003,213.85,1107.73,4724.31,118.11999999999999,641.23,62924.01,53552.3,3888.05,5483.66,652.2,5760.26,56511.549999999996
2023-2024,59,Nord,4.0,0.0,0.0,0.0,0.0,0.0,0.0,91.87,0.79,19.72,112.38000000000001,0.0,0.0,112.38000000000001,0.79,19.72,91.87
2023-2024,60,Oise,3.0,0.0,0.0,0.0,0.0,0.0,0.0,58.03,12.48,0.07,70.58,0.0,0.0,70.58,12.48,0.07,58.03
2023-2024,62,Pas-de-Calais,3.0,0.0,0.0,0.0,0.0,0.0,0.0,87.55,0.0,0.0,87.55,0.0,0.0,87.55,0.0,0.0,87.55
2023-2024,63,Puy-de-Dôme,60.0,271.91,363.72,2466.89,82.38,85.68,699.28,506.94,276.46,1935.99,6689.25,3102.52,867.3399999999999,2719.39,725.86,5102.16,861.23
2023-2024,64,Pyrénées-Atlantiques,114.0,77903.34,3763.27,82685.48,854.36,39.68,801.81,1389.6,220.65,1473.9699999999998,169132.15999999997,164352.09,1695.85,3084.22,4023.6,84961.26,80147.3
2023-2024,65,Hautes-Pyrénées,14.0,446.32,0.0,5865.87,90.26,38.14,256.62,8.78,8.870000000000001,404.76,7119.62,6312.19,385.02,422.40999999999997,47.010000000000005,6527.25,545.36
2023-2024,66,Pyrénées-Orientales,451.0,106745.11,87998.41,296159.37,34077.469999999994,20206.519999999997,95805.1,5895.71,2248.47,17294.879999999997,666431.0399999999,490902.89,150089.09,25439.059999999998,110453.4,409259.35,146718.28999999998
2023-2024,67,Bas-Rhin,297.0,165120.13,21878.87,5585.36,0.0,0.0,0.0,4307.83,364.87,973.97,198231.02999999997,192584.36,0.0,5646.67,22243.739999999998,6559.33,169427.96
2023-2024,68,Haut-Rhin,380.0,431513.82,37013.26,11037.48,0.0,0.0,0.0,4812.19,353.78,439.23,485169.76,479564.56,0.0,5605.199999999999,37367.04,11476.71,436326.01
2023-2024,69,Rhône,1109.0,45766.32,6373.27,321043.88,2123.99,391.07,3896.5,4170.4400000000005,2481.92,9239.560000000001,395486.95,373183.47,6411.5599999999995,15891.920000000002,9246.26,334179.94,52060.75
2023-2024,70,Haute-Saône,8.0,0.0,0.0,0.0,2191.36,199.41,2704.45,1533.5,4.08,685.65,7318.449999999999,0.0,5095.219999999999,2223.23,203.49,3390.1,3724.86
2023-2024,71,Saône-et-Loire,688.0,418315.7,5324.98,153830.89,474.87,26.759999999999998,551.7,5097.7300000000005,791.5400000000001,1530.97,585945.1400000001,577471.5700000001,1053.33,7420.240000000001,6143.28,155913.56000000003,423888.3
2023-2024,72,Sarthe,39.0,5734.82,311.01,2179.84,656.27,122.50999999999999,339.06,1558.8700000000001,506.19,1494.6299999999999,12903.2,8225.67,1117.84,3559.6899999999996,939.71,4013.5299999999997,7949.96
2023-2024,73,Savoie,158.0,35171.68,2658.84,15729.38,2271.0299999999997,166.5,865.18,2564.42,507.08,665.72,60599.829999999994,53559.9,3302.7099999999996,3737.2200000000003,3332.42,17260.28,40007.13
2023-2024,74,Haute-Savoie,38.0,3856.89,46.17,713.94,880.5500000000001,8.25,143.08,484.26,92.99,93.5,6319.63,4617.0,1031.88,670.75,147.41,950.5200000000001,5221.7
2023-2024,76,Seine-Maritime,3.0,0.0,0.0,0.0,0.0,0.0,0.0,27.310000000000002,0.0,0.0,27.310000000000002,0.0,0.0,27.310000000000002,0.0,0.0,27.310000000000002
2023-2024,77,Seine-et-Marne,12.0,960.8,47.2,0.0,198.31,0.12,121.32,6.66,0.0,0.0,1334.4099999999999,1008.0,319.75,6.66,47.32,121.32,1165.77
2023-2024,78,Yvelines,4.0,0.0,0.0,0.0,0.0,0.0,0.0,36.92,0.0,0.0,36.92,0.0,0.0,36.92,0.0,0.0,36.92
2023-2024,79,Deux-Sèvres,35.0,2065.29,8517.42,2538.46,346.5,107.2,160.6,869.59,400.1,370.88,15376.039999999999,13121.169999999998,614.3,1640.5700000000002,9024.720000000001,3069.94,3281.38
2023-2024,80,Somme,2.0,0.0,0.0,0.0,0.0,0.0,0.0,663.85,105.03,73.38,842.26,0.0,0.0,842.26,105.03,73.38,663.85
2023-2024,81,Tarn,182.0,22922.52,11158.83,103790.42,11786.300000000001,10228.029999999999,39718.61,7295.06,4829.08,19965.34,231694.19,137871.77,61732.94,32089.48,26215.940000000002,163474.37,42003.88
2023-2024,82,Tarn-et-Garonne,45.0,0.0,2448.38,22881.37,1882.85,1505.26,4069.71,494.83,2377.7000000000003,3680.6,39340.700000000004,25329.75,7457.82,6553.13,6331.34,30631.679999999997,2377.68
2023-2024,83,Var,530.0,24602.0,314517.78,107543.53,10674.93,71813.33,27185.98,2540.29,9662.59,4238.25,572778.6799999999,446663.31000000006,109674.24,16441.13,395993.70000000007,138967.76,37817.22
2023-2024,84,Vaucluse,876.0,57811.8,88153.82,1204209.13,56894.89,75046.21,173119.87,8832.95,8076.490000000001,40987.06,1713132.22,1350174.75,305060.97,57896.5,171276.52000000002,1418316.06,123539.64
2023-2024,85,Vendée,38.0,4395.08,2008.5,5709.89,3802.21,3748.1,4781.46,4605.92,1840.85,3615.6600000000003,34507.670000000006,12113.470000000001,12331.77,10062.43,7597.450000000001,14107.01,12803.210000000001
2023-2024,86,Vienne,39.0,3011.06,1086.41,2573.88,419.01,288.42,941.27,1019.5,614.38,808.25,10762.18,6671.35,1648.7,2442.13,1989.21,4323.4,4449.57
2023-2024,87,Haute-Vienne,1.0,0.0,0.0,0.0,0.0,0.0,0.0,0.0,0.0,0.0,0.0,0.0,0.0,0.0,0.0,0.0,0.0
2023-2024,88,Vosges,4.0,0.0,0.0,0.0,0.0,0.0,0.0,0.0,0.0,75.25,75.25,0.0,0.0,75.25,0.0,75.25,0.0
2023-2024,89,Yonne,409.0,321260.46,2056.74,45855.23,161.98000000000002,22.08,264.57,1033.46,270.35,795.15,371720.02000000014,369172.43,448.63,2098.96,2349.1699999999996,46914.950000000004,322455.9
2023-2024,91,Essonne,1.0,0.0,0.0,0.0,0.0,0.0,0.0,0.0,0.0,1.03,1.03,0.0,0.0,1.03,0.0,1.03,0.0
2023-2024,92,Hauts-de-Seine,4.0,0.0,0.0,0.0,44.31,0.0,0.0,65.41,0.0,0.0,109.72,0.0,44.31,65.41,0.0,0.0,109.72
2023-2024,93,Seine-Saint-Denis,2.0,0.0,0.0,0.0,9.09,0.0,9.53,0.0,0.0,0.0,18.619999999999997,0.0,18.619999999999997,0.0,0.0,9.53,9.09
2023-2024,94,Val-de-Marne,2.0,0.0,0.0,0.0,0.0,0.0,0.0,19.2,0.0,0.0,0.0,0.0,0.0,19.2,0.0,0.0,19.2
2023-2024,95,Val-d'Oise,7.0,0.0,0.0,0.0,1.56,0.0,0.68,38.34,0.0,33.88,0.0,0.0,2.24,72.22,0.0,34.56,39.900000000000006
2024-2025,01,Ain,102.0,7269.89,2221.12,2802.29,791.3599999999999,118.85000000000001,312.72,1991.09,1355.67,1303.49,18166.48,12293.3,1222.9299999999998,4650.25,3695.64,4418.5,10052.34
2024-2025,02,Aisne,284.0,225447.51,11621.68,276.51,0.0,0.0,0.0,2137.35,201.71,0.0,239684.76,237345.7,0.0,2339.06,11823.39,276.51,227584.86000000002
2024-2025,03,Allier,26.0,5073.2,2408.26,20713.19,368.91,1.94,425.11,1143.0,157.49,268.87,30559.969999999998,28194.649999999998,795.96,1569.3600000000001,2567.6900000000005,21407.17,6585.11
2024-2025,04,Alpes-de-Haute-Provence,13.0,844.17,2416.64,5092.52,1490.1499999999999,4256.99,3815.09,139.72,786.3199999999999,597.13,19438.729999999996,8353.33,9562.23,1523.17,7459.949999999999,9504.74,2474.0399999999995
2024-2025,05,Hautes-Alpes,14.0,0.0,0.0,0.0,935.32,666.54,2284.12,37.93,4.54,19.85,3948.2999999999997,0.0,3885.98,62.32,671.0799999999999,2303.97,973.25
2024-2025,06,Alpes-Maritimes,17.0,617.27,160.57,1306.88,158.34,109.29,473.46,43.33,0.79,67.52000000000001,2937.45,2084.7200000000003,741.0899999999999,111.64000000000001,270.65000000000003,1847.8600000000001,818.94
2024-2025,07,Ardèche,257.0,5678.49,2058.5,69866.63,36867.1,57631.94,148607.11,3842.7000000000003,1457.31,13805.849999999999,339815.63000000006,77603.62000000001,243106.15,19105.86,61147.75,232279.59,46388.28999999999
2024-2025,08,Ardennes,2.0,0.0,0.0,0.0,0.0,0.0,0.0,1.86,0.79,0.0,2.6500000000000004,0.0,0.0,2.6500000000000004,0.79,0.0,1.86
2024-2025,09,Ariège,3.0,0.0,0.0,0.0,58.0,57.6,1046.82,18.5,0.0,22.99,1203.9099999999999,0.0,1162.4199999999998,41.489999999999995,57.6,1069.81,76.5
2024-2025,10,Aube,572.0,484129.38,23116.51,1308.56,0.0,0.0,0.0,1971.17,0.0,0.0,510525.62,508554.45,0.0,1971.17,23116.51,1308.56,486100.55
2024-2025,11,Aude,756.0,120689.12,62547.21,420753.69,264029.47,244349.58,885851.07,35254.87,17694.219999999998,101674.59000000001,2152843.8200000003,603990.02,1394230.1199999999,154623.68,324591.00999999995,1408279.35,419973.45999999996
2024-2025,12,Aveyron,60.0,104.27,754.6,11523.27,231.49,110.24,1933.58,52.65,107.63,730.37,15548.100000000002,12382.140000000001,2275.31,890.65,972.47,14187.220000000001,388.40999999999997
2024-2025,13,Bouches-du-Rhône,170.0,16398.59,83885.82,50656.73,13721.0,39430.85,41741.15,1943.95,3695.27,3672.4700000000003,255145.83000000002,150941.14,94893.0,9311.69,127011.94000000002,96070.35,32063.54
2024-2025,14,Calvados,1.0,0.0,0.0,0.0,576.91,0.0,302.27,0.81,0.0,0.0,879.9899999999999,0.0,879.18,0.81,0.0,302.27,577.7199999999999
2024-2025,15,Cantal,5.0,4.95,7.33,45.02,17.19,0.0,36.04,38.69,0.0,20.84,170.06,57.300000000000004,53.230000000000004,59.53,7.33,101.9,60.83
2024-2025,16,Charente,1005.0,32832.29,2224.56,11924.79,2695.71,3903.98,10081.21,4630.75,746.1800000000001,4281.35,73320.81999999999,46981.64,16680.9,9658.28,6874.72,26287.35,40158.75
2024-2025,17,Charente-Maritime,1108.0,125162.25,9382.12,20695.6,9265.66,10282.0,11999.93,4959.78,5591.28,4776.24,202114.86,155239.97,31547.59,15327.3,25255.4,37471.77,139387.69
2024-2025,18,Cher,310.0,99638.43,4235.81,35837.09,3622.77,116.83,1350.91,615.86,318.3,708.62,146444.62000000002,139711.33,5090.51,1642.7800000000002,4670.9400000000005,37896.62,103877.06
2024-2025,19,Corrèze,20.0,593.15,0.0,212.62,555.16,95.58,1023.83,56.7,0.0,27.12,2564.16,805.77,1674.5700000000002,83.82000000000001,95.58,1263.57,1205.01
2024-2025,21,Côte-d'Or,840.0,140330.74,2058.98,275773.99,1310.9099999999999,130.29,624.04,1489.1299999999999,203.14,1302.42,423223.6400000001,418163.70999999996,2065.24,2994.69,2392.41,277700.44999999995,143130.78
2024-2025,22,Côtes d'Armor,3.0,0.0,0.0,0.0,0.0,0.0,0.0,9.6,0.0,0.0,9.6,0.0,0.0,9.6,0.0,0.0,9.6
2024-2025,23,Creuse,2.0,0.0,0.0,0.0,0.0,0.0,0.0,13.52,0.5,61.53,75.55,0.0,0.0,75.55,0.5,61.53,13.52
2024-2025,24,Dordogne,384.0,109506.6,24017.13,209147.07,4819.68,2257.45,10259.81,6735.030000000001,1848.82,7388.55,375980.14,342670.80000000005,17336.94,15972.400000000001,28123.4,226795.43,121061.31
2024-2025,25,Doubs,9.0,18.75,0.0,2.5,355.51,0.0,4.59,180.08,5.84,27.05,594.3200000000002,21.25,360.09999999999997,212.97000000000003,5.84,34.14,554.34
2024-2025,26,Drôme,230.0,109111.49,22503.53,332749.91,10693.34,15748.359999999999,34443.99,7029.06,3532.9,12136.89,547949.47,464364.93,60885.689999999995,22698.85,41784.79,379330.79,126833.89
2024-2025,27,Eure,1.0,0.0,0.0,0.0,0.0,0.0,0.0,17.36,17.61,0.0,34.97,0.0,0.0,34.97,17.61,0.0,17.36
2024-2025,28,Eure et Loir,2.0,0.0,0.0,0.0,0.0,0.0,0.0,4.93,0.09,66.1,71.12,0.0,0.0,71.11999999999999,0.09,66.1,4.93
2024-2025,29,Finistère,1.0,0.0,0.0,0.0,0.0,0.0,0.0,13.5,0.0,0.0,13.5,0.0,0.0,13.5,0.0,0.0,13.5
2024-2025,30,Gard,610.0,28080.87,68280.41,468982.51,136539.64,300968.31,455673.77999999997,39939.96,48644.85,115470.89,1662581.22,565343.79,893181.73,204055.7,417893.56999999995,1040127.18,204560.47
2024-2025,31,Haute-Garonne,38.0,0.0,8000.84,23944.85,373.46000000000004,16359.47,8264.96,1261.31,2451.47,5211.53,65867.89,31945.69,24997.89,8924.31,26811.78,37421.34,1634.77
2024-2025,32,Gers,234.0,39154.51,6864.98,93193.22,199362.28,27929.8,48587.759999999995,40208.259999999995,7662.8099999999995,11940.4,474904.02,139212.71000000002,275879.83999999997,59811.469999999994,42457.59,153721.37999999998,278725.05
2024-2025,33,Gironde,3731.0,460674.74,134684.73,7680163.43,22394.62,19841.780000000002,27408.260000000002,69981.88,31682.18,88962.83,8535794.450000001,8275522.899999999,69644.66,190626.89,186208.69,7796534.52,553051.24
2024-2025,34,Hérault,1065.0,96259.52,27547.94,400397.63,381205.56,376227.58,730442.78,87211.93000000001,57321.810000000005,120233.91,2276848.6599999997,524205.09,1487875.92,264767.65,461097.33,1251074.32,564677.01
2024-2025,35,Ille et Vilaine,2.0,0.0,0.0,0.0,0.0,0.0,0.0,47.3,0.0,26.66,73.96,0.0,0.0,73.96,0.0,26.66,47.3
2024-2025,36,Indre,34.0,6279.59,924.76,4295.19,754.52,137.37,513.32,1083.54,792.93,1353.72,16134.94,11499.54,1405.21,3230.1899999999996,1855.06,6162.23,8117.650000000001
2024-2025,37,Indre-et-Loire,576.0,167363.23,20819.59,187166.81,2077.77,594.1800000000001,2534.7999999999997,19652.300000000003,10590.66,13352.08,424151.42,375349.63,5206.75,43595.04,32004.43,203053.68999999997,189093.3
2024-2025,38,Isère,58.0,2608.02,76.47,870.82,907.69,60.57,857.24,782.79,123.11,267.34000000000003,6554.049999999999,3555.31,1825.5,1173.24,260.15,1995.4,4298.5
2024-2025,39,Jura,226.0,110812.47,3361.81,19286.02,63.03,0.0,6.39,3356.97,85.78,1709.88,138682.35,133460.3,69.42,5152.63,3447.59,21002.29,114232.47
2024-2025,40,Landes,46.0,1130.47,2868.1,10214.34,3709.84,3276.44,6179.29,95.72,50.27,99.88,27624.35,14212.91,13165.57,245.87,6194.81,16493.510000000002,4936.030000000001
2024-2025,41,Loir-et-Cher,267.0,81706.33,11721.37,41514.4,5419.73,1493.78,4661.110000000001,10897.77,4574.46,7698.1900000000005,169687.13999999998,134942.1,11574.619999999999,23170.42,17789.61,53873.700000000004,98023.83
2024-2025,42,Loire,90.0,2067.7,353.16,12726.59,1747.84,237.05,3047.63,468.7,337.95,1325.43,22312.05,15147.45,5032.52,2132.08,928.1600000000001,17099.65,4284.24
2024-2025,43,Haute-Loire,3.0,0.0,0.0,0.0,0.0,0.0,0.0,0.4,0.0,0.7,1.1,0.0,0.0,1.1,0.0,0.7,0.4
2024-2025,44,Loire-Atlantique,371.0,125893.07,215.7,924.21,36519.22,14579.27,11715.26,38529.14,21500.43,10774.85,260651.15,127032.98000000001,62813.75000000001,70804.42,36295.4,23414.32,200941.43
2024-2025,45,Loiret,13.0,1257.61,211.0,2371.38,69.47,0.89,96.52,270.68,148.63,703.67,5129.85,3839.99,166.88,1122.98,360.52,3171.57,1597.76
2024-2025,46,Lot,211.0,0.0,558.66,162341.15,2879.25,4496.58,19243.26,772.5,1359.69,5070.21,196721.3,162899.81,26619.089999999997,7202.4,6414.93,186654.62,3651.75
2024-2025,47,Lot-et-Garonne,147.0,6475.85,18918.31,136739.09,9893.67,6496.67,12190.630000000001,5218.2699999999995,3134.45,20112.370000000003,219179.31,162133.25,28580.97,28465.090000000004,28549.430000000004,169042.09,21587.79
2024-2025,48,Lozère,5.0,0.0,0.0,0.0,49.03,2.0,126.31,11.05,0.23,10.44,199.06,0.0,177.34,21.72,2.23,136.75,60.08
2024-2025,49,Maine-et-Loire,676.0,220220.66,189045.69,227481.41,22121.88,7417.47,11379.939999999999,29359.629999999997,20688.41,19931.780000000002,747646.8700000001,636747.76,40919.29,69979.81999999999,217151.57,258793.13,271702.17
2024-2025,50,Manche,2.0,0.0,0.0,0.0,0.0,0.0,0.0,5.25,0.0,0.0,5.25,0.0,0.0,5.25,0.0,0.0,5.25
2024-2025,51,Marne,3325.0,2673557.49,160977.36,8884.09,0.0,0.0,0.0,12275.57,1.18,0.0,2855695.69,2843418.94,0.0,12276.75,160978.53999999998,8884.09,2685833.06
2024-2025,52,Haute-Marne,16.0,3187.43,134.71,0.0,641.01,67.81,1254.53,266.5,120.35,36.72,5709.060000000001,3322.14,1963.35,423.57000000000005,322.87,1291.25,4094.9399999999996
2024-2025,53,Mayenne,2.0,0.0,0.0,0.0,0.0,0.0,0.0,226.4,84.5,1.58,312.47999999999996,0.0,0.0,312.47999999999996,84.5,1.58,226.4
2024-2025,54,Meurthe-et-Moselle,17.0,294.17,397.41,252.95,251.07,161.41,17.03,566.52,532.21,243.57000000000002,2716.34,944.53,429.51,1342.3,1091.0300000000002,513.5500000000001,1111.76
2024-2025,55,Meuse,5.0,0.0,0.0,0.0,1026.94,311.23,265.24,48.12,0.0,7.1,1658.6299999999999,0.0,1603.41,55.22,311.23,272.34000000000003,1075.06
2024-2025,56,Morbihan,4.0,0.0,0.0,0.0,0.0,0.0,0.0,109.85,30.18,39.0,179.03,0.0,0.0,179.03,30.18,39.0,109.85
2024-2025,57,Moselle,23.0,1392.95,122.69,805.84,424.21,34.8,0.0,1385.63,53.38,104.5,4324.000000000001,2321.48,459.01,1543.5100000000002,210.87,910.34,3202.79
2024-2025,58,Nièvre,105.0,39348.85,226.68,3324.64,1993.68,113.35000000000001,621.1400000000001,4097.01,98.09,553.05,50376.49,42900.17,2728.17,4748.150000000001,438.12,4498.83,45439.54
2024-2025,59,Nord,2.0,0.0,0.0,0.0,0.0,0.0,0.0,3.02,0.25,9.0,12.27,0.0,0.0,12.27,0.25,9.0,3.02
2024-2025,60,Oise,1.0,0.0,0.0,0.0,0.0,0.0,0.0,0.0,0.0,0.0,0.0,0.0,0.0,0.0,0.0,0.0,0.0
2024-2025,61,Orne,1.0,0.0,0.0,0.0,0.0,0.0,0.0,5.26,0.0,0.0,5.26,0.0,0.0,5.26,0.0,0.0,5.26
2024-2025,62,Pas-de-Calais,1.0,0.0,0.0,0.0,0.0,0.0,0.0,29.28,0.0,0.0,29.28,0.0,0.0,29.28,0.0,0.0,29.28
2024-2025,63,Puy-de-Dôme,60.0,187.71,317.97,2372.43,85.67,71.64,711.3199999999999,441.91,198.42,674.3,5061.37,2878.1099999999997,868.6299999999999,1314.63,588.03,3758.05,715.29
2024-2025,64,Pyrénées-Atlantiques,118.0,67608.59,4391.01,89728.33,817.3299999999999,88.57,2935.23,1381.03,221.03,1148.54,168319.65999999997,161727.93,3841.13,2750.6,4700.61,93812.09999999999,69806.95
2024-2025,65,Hautes-Pyrénées,15.0,479.58,0.0,5461.29,142.47,7.8,553.91,55.01,24.25,491.53,7215.84,5940.87,704.18,570.79,32.05,6506.73,677.06
2024-2025,66,Pyrénées-Orientales,415.0,104513.69,74492.66,262491.88,26870.47,13698.0,82514.70000000001,4813.34,1774.82,13184.65,584354.21,441498.23,123083.17000000001,19772.809999999998,89965.48000000001,358191.23000000004,136197.5
2024-2025,67,Bas-Rhin,290.0,157765.95,20245.23,5448.71,0.0,0.0,0.0,3767.77,288.28,673.42,188189.36000000002,183459.89,0.0,4729.47,20533.51,6122.13,161533.72
2024-2025,68,Haut-Rhin,373.0,429420.06,37058.45,11059.74,0.0,0.0,0.0,4868.32,455.71,513.11,483375.39,477538.25,0.0,5837.139999999999,37514.159999999996,11572.85,434288.38
2024-2025,69,Rhône,1072.0,49897.12,6220.79,329767.35,2198.25,285.23,4091.1400000000003,4546.8,2647.9199999999996,9083.56,408738.16,385885.26,6574.620000000001,16278.279999999999,9153.94,342942.05,56642.170000000006
2024-2025,70,Haute-Saône,7.0,0.0,0.0,0.0,1817.11,133.51,2237.73,1242.64,8.46,524.68,5964.130000000001,0.0,4188.35,1775.7800000000002,141.97,2762.41,3059.75
2024-2025,71,Saône-et-Loire,662.0,414455.25,4085.66,132769.1,513.94,49.43,329.86,4744.11,654.89,1486.98,559089.22,551310.01,893.23,6885.98,4789.9800000000005,134585.94,419713.3
2024-2025,72,Sarthe,39.0,5067.16,236.45,1875.69,513.4100000000001,76.07,288.87,1346.67,455.16,1320.86,11180.34,7179.299999999999,878.35,3122.69,767.6800000000001,3485.42,6927.24
2024-2025,73,Savoie,154.0,33833.37,2011.48,16354.56,2151.42,106.58999999999999,927.59,1977.1,586.6800000000001,598.9799999999999,58547.77,52199.41,3185.6000000000004,3162.7599999999998,2704.75,17881.129999999997,37961.89
2024-2025,74,Haute-Savoie,37.0,3463.74,37.84,607.92,922.1899999999999,8.4,184.5,547.51,63.3,203.77,6039.17,4109.5,1115.09,814.5799999999999,109.53999999999999,996.1899999999999,4933.44
2024-2025,76,Seine-Maritime,3.0,0.0,0.0,0.0,0.0,0.0,0.0,17.22,0.0,0.0,17.22,0.0,0.0,17.22,0.0,0.0,17.22
2024-2025,77,Seine-et-Marne,9.0,957.25,44.68,0.0,34.62,0.0,46.55,19.349999999999998,0.0,0.0,1102.45,1001.93,81.16999999999999,19.349999999999998,44.68,46.55,1011.22
2024-2025,78,Yvelines,3.0,0.0,0.0,0.0,0.0,0.0,0.0,22.7,0.0,1.9,24.599999999999998,0.0,0.0,24.599999999999998,0.0,1.9,22.7
2024-2025,79,Deux-Sèvres,31.0,2125.0,6260.72,2100.71,284.97,159.69,78.3,1010.86,393.23,419.62,12833.1,10486.43,522.96,1823.71,6813.639999999999,2598.63,3420.8300000000004
2024-2025,80,Somme,1.0,0.0,0.0,0.0,0.0,0.0,0.0,291.7,0.18,49.6,341.48,0.0,0.0,341.48,0.18,49.6,291.7
2024-2025,81,Tarn,174.0,27240.52,10971.31,107040.53,10859.75,13601.23,39707.01,9188.28,5656.280000000001,16906.16,241171.06999999998,145252.36,64167.990000000005,31750.72,30228.82,163653.7,47288.55
2024-2025,82,Tarn-et-Garonne,46.0,0.0,2369.43,23374.72,1819.32,1966.67,3954.25,763.51,1783.1799999999998,5379.77,41410.850000000006,25744.15,7740.24,7926.46,6119.280000000001,32708.74,2582.83
2024-2025,83,Var,513.0,26679.57,256180.08,113849.11,10084.48,71482.02,27652.809999999998,1948.1799999999998,17521.43,5386.87,530784.5499999999,396708.75999999995,109219.31,24856.48,345183.52999999997,146888.78999999998,38712.23
2024-2025,84,Vaucluse,872.0,66286.5,90904.91,1157783.33,37171.93,61932.95,160408.77,8802.59,6934.33,38048.71,1628274.0200000003,1314974.74,259513.65,53785.63,159772.18999999997,1356240.81,112261.01999999999
2024-2025,85,Vendée,34.0,3227.31,2130.63,4500.6,2813.7799999999997,1744.83,2189.88,3723.05,966.79,2833.94,24130.81,9858.54,6748.49,7523.780000000001,4842.25,9524.42,9764.14
2024-2025,86,Vienne,47.0,3148.68,1089.06,2117.3,560.27,414.46000000000004,1588.48,1304.28,1031.41,1351.4399999999998,12605.380000000001,6355.04,2563.21,3687.13,2534.9300000000003,5057.22,5013.23
2024-2025,87,Haute-Vienne,1.0,0.0,0.0,0.0,0.0,3.0,0.0,0.0,0.0,0.0,3.0,0.0,3.0,0.0,3.0,0.0,0.0
2024-2025,88,Vosges,2.0,0.0,0.0,0.0,0.0,0.0,0.0,0.0,0.0,44.02,44.02,0.0,0.0,44.02,0.0,44.02,0.0
2024-2025,89,Yonne,408.0,237813.64,1394.22,31959.86,476.37,14.12,281.24,812.97,201.2,586.65,273540.27,271167.72000000003,771.73,1600.8200000000002,1609.54,32827.75,239102.98
2024-2025,91,Essonne,3.0,0.0,0.0,0.0,0.0,0.0,0.0,1.94,0.0,1.03,2.9699999999999998,0.0,0.0,2.9699999999999998,0.0,1.03,1.94
2024-2025,92,Hauts-de-Seine,4.0,0.0,0.0,0.0,52.32,0.0,0.0,43.81,0.0,0.0,96.13,0.0,52.32,43.81,0.0,0.0,96.13
2024-2025,93,Seine-Saint-Denis,2.0,0.0,0.0,0.0,9.09,0.0,7.07,0.0,0.0,0.0,16.16,0.0,16.16,0.0,0.0,7.07,9.09
2024-2025,94,Val-de-Marne,2.0,0.0,0.0,0.0,0.0,0.0,0.0,11.290000000000001,0.0,0.0,11.290000000000001,0.0,0.0,11.290000000000001,0.0,0.0,11.290000000000001
2024-2025,95,Val-d'Oise,3.0,0.0,0.0,0.0,1.87,0.0,0.13,80.19,0.0,3.17,85.36,0.0,2.0,83.36,0.0,3.3,82.06
