campagne,month,calendar_ym,dept_code,stock_commerce
2019-2020,1,2020-01-01,13,59910.0
2019-2020,1,2020-01-01,83,154248.0
2019-2020,2,2020-02-01,13,56850.0
2019-2020,2,2020-02-01,83,173872.0
2019-2020,3,2020-03-01,13,54975.0
2019-2020,3,2020-03-01,83,172582.0
2019-2020,4,2020-04-01,13,52719.0
2019-2020,4,2020-04-01,83,174906.0
2019-2020,5,2020-05-01,13,52497.0
2019-2020,5,2020-05-01,83,172216.0
2019-2020,6,2020-06-01,13,51400.0
2019-2020,6,2020-06-01,83,169482.0
2019-2020,7,2020-07-01,13,51291.0
2019-2020,7,2020-07-01,83,157688.0
2019-2020,8,2019-08-01,13,53064.0
2019-2020,8,2019-08-01,83,142425.0
2019-2020,9,2019-09-01,13,50558.0
2019-2020,9,2019-09-01,83,135333.0
2019-2020,10,2019-10-01,13,44645.0
2019-2020,10,2019-10-01,83,121000.0
2019-2020,11,2019-11-01,13,43319.0
2019-2020,11,2019-11-01,83,118254.0
2019-2020,12,2019-12-01,13,51321.0
2019-2020,12,2019-12-01,83,138211.0
2020-2021,1,2021-01-01,13,51514.0
2020-2021,1,2021-01-01,83,161486.0
2020-2021,2,2021-02-01,13,53975.0
2020-2021,2,2021-02-01,83,203808.0
2020-2021,3,2021-03-01,13,56896.0
2020-2021,3,2021-03-01,83,186302.0
2020-2021,4,2021-04-01,13,59866.0
2020-2021,4,2021-04-01,83,187576.0
2020-2021,5,2021-05-01,13,57285.0
2020-2021,5,2021-05-01,83,181435.0
2020-2021,6,2021-06-01,13,55124.0
2020-2021,6,2021-06-01,83,169480.0
2020-2021,7,2021-07-01,13,51754.0
2020-2021,7,2021-07-01,83,143923.0
2020-2021,8,2020-08-01,13,47279.0
2020-2021,8,2020-08-01,83,136955.0
2020-2021,9,2020-09-01,13,39966.0
2020-2021,9,2020-09-01,83,139253.0
2020-2021,10,2020-10-01,13,37091.0
2020-2021,10,2020-10-01,83,127082.0
2020-2021,11,2020-11-01,13,37305.0
2020-2021,11,2020-11-01,83,120813.0
2020-2021,12,2020-12-01,13,41781.0
2020-2021,12,2020-12-01,83,139337.0
2021-2022,1,2022-01-01,13,53357.0
2021-2022,1,2022-01-01,83,175685.0
2021-2022,2,2022-02-01,13,53600.0
2021-2022,2,2022-02-01,83,188203.0
2021-2022,3,2022-03-01,13,59119.0
2021-2022,3,2022-03-01,83,209214.0
2021-2022,4,2022-04-01,13,56378.0
2021-2022,4,2022-04-01,83,197868.0
2021-2022,5,2022-05-01,13,55671.0
2021-2022,5,2022-05-01,83,185187.0
2021-2022,6,2022-06-01,13,52116.0
2021-2022,6,2022-06-01,83,183577.0
2021-2022,7,2022-07-01,13,48607.0
2021-2022,7,2022-07-01,83,170007.0
2021-2022,8,2021-08-01,13,43453.0
2021-2022,8,2021-08-01,83,134873.0
2021-2022,9,2021-09-01,13,40449.0
2021-2022,9,2021-09-01,83,134101.0
2021-2022,10,2021-10-01,13,38223.0
2021-2022,10,2021-10-01,83,126134.0
2021-2022,11,2021-11-01,13,37048.0
2021-2022,11,2021-11-01,83,126420.0
2021-2022,12,2021-12-01,13,42337.0
2021-2022,12,2021-12-01,83,147935.0
2022-2023,1,2023-01-01,13,66813.0
2022-2023,1,2023-01-01,83,175718.0
2022-2023,2,2023-02-01,13,99085.0
2022-2023,2,2023-02-01,83,204060.0
2022-2023,3,2023-03-01,13,95667.0
2022-2023,3,2023-03-01,83,201380.0
2022-2023,4,2023-04-01,13,96558.0
2022-2023,4,2023-04-01,83,199223.0
2022-2023,5,2023-05-01,13,75624.0
2022-2023,5,2023-05-01,83,189430.0
2022-2023,6,2023-06-01,13,77732.0
2022-2023,6,2023-06-01,83,171788.0
2022-2023,7,2023-07-01,13,70151.0
2022-2023,7,2023-07-01,83,174319.0
2022-2023,8,2022-08-01,13,47161.0
2022-2023,8,2022-08-01,83,147772.0
2022-2023,9,2022-09-01,13,42388.0
2022-2023,9,2022-09-01,83,142757.0
2022-2023,10,2022-10-01,13,40461.0
2022-2023,10,2022-10-01,83,135407.0
2022-2023,11,2022-11-01,13,39793.0
2022-2023,11,2022-11-01,83,137977.0
2022-2023,12,2022-12-01,13,50008.0
2022-2023,12,2022-12-01,83,158060.0
2023-2024,1,2024-01-01,13,67527.0
2023-2024,1,2024-01-01,83,184089.0
2023-2024,2,2024-02-01,13,76383.0
2023-2024,2,2024-02-01,83,182494.0
2023-2024,3,2024-03-01,13,76393.0
2023-2024,3,2024-03-01,83,189199.0
2023-2024,4,2024-04-01,13,75438.0
2023-2024,4,2024-04-01,83,185181.0
2023-2024,5,2024-05-01,13,70736.0
2023-2024,5,2024-05-01,83,176421.0
2023-2024,6,2024-06-01,13,68983.0
2023-2024,6,2024-06-01,83,177708.0
2023-2024,7,2024-07-01,13,71575.0
2023-2024,7,2024-07-01,83,158467.0
2023-2024,8,2023-08-01,13,53742.0
2023-2024,8,2023-08-01,83,175306.0
2023-2024,9,2023-09-01,13,48192.0
2023-2024,9,2023-09-01,83,155655.0
2023-2024,10,2023-10-01,13,43256.0
2023-2024,10,2023-10-01,83,144461.0
2023-2024,11,2023-11-01,13,39499.0
2023-2024,11,2023-11-01,83,136390.0
2023-2024,12,2023-12-01,13,39499.0
2023-2024,12,2023-12-01,83,136390.0
2024-2025,1,2025-01-01,13,68843.0
2024-2025,1,2025-01-01,83,171796.0
2024-2025,2,2025-02-01,13,62532.0
2024-2025,2,2025-02-01,83,187718.0
2024-2025,3,2025-03-01,13,55568.0
2024-2025,3,2025-03-01,83,185249.0
2024-2025,4,2025-04-01,13,61099.0
2024-2025,4,2025-04-01,83,219455.0
2024-2025,5,2025-05-01,13,52337.0
2024-2025,5,2025-05-01,83,175010.0
2024-2025,6,2025-06-01,13,52371.0
2024-2025,6,2025-06-01,83,165712.0
2024-2025,7,2025-07-01,13,52970.0
2024-2025,7,2025-07-01,83,151307.0
2024-2025,8,2024-08-01,13,63898.0
2024-2025,8,2024-08-01,83,152459.0
2024-2025,9,2024-09-01,13,50865.0
2024-2025,9,2024-09-01,83,139950.0
2024-2025,10,2024-10-01,13,46736.0
2024-2025,10,2024-10-01,83,134314.0
2024-2025,11,2024-11-01,13,41115.0
2024-2025,11,2024-11-01,83,147713.0
2024-2025,12,2024-12-01,13,47401.0
2024-2025,12,2024-12-01,83,159235.0
